snippet_id,jtbd_id,student_id,channel,date,user_ask,jenny_reply,tactic,tags,source_ref,created_ts
S-JTBD-W001-168H-PLAN-0001,JTBD-W001-168H-PLAN,huda-2025,call,2023-06-21,"How do I fit SAT, ECs, and rest without burning out?","Start with non‑negotiables (sleep/school), then place SAT vitals in 50–70m blocks, and protect two EC build windows.",Capacity-first scheduling; non-negotiables → vitals → electives.,"scheduling,burnout-avoidance",W001 Transcript (execution slice),2025-09-29T20:29:04.490590+00:00
S-JTBD-W002-168H-ITER-0001,JTBD-W002-168H-ITER,huda-2025,call,2023-06-26,I keep slipping SAT blocks when school stuff pops up.,"Lock them in morning peak slots; if a block is missed, rebook within 24h, not the next week.",Peak-time anchoring + 24h rebook rule,"peak-time,rebook-24h",W002 Transcript,2025-09-29T20:29:07.202200+00:00
S-JTBD-W003-GOALS-0001,JTBD-W003-GOALS,huda-2025,call,2023-06-26,How many SAT sections per week vs. burnout?,Start at 3 quality sections; focus on post-mortems more than raw volume.,Quality-first reps + error taxonomy,"error-taxonomy,quality-over-quantity",W003 Transcript,2025-09-29T20:29:09.666570+00:00
S-JTBD-W004-PROFILE-0001,JTBD-W004-PROFILE,huda-2025,call,2023-06-26,What essay angle fits my real voice?,"Anchor in your lived moments of building for others; small, concrete scenes beat big claims.",Scene-first storytelling + service motive clarity,"story,scenes",W004 Transcript (Janice),2025-09-29T20:29:12.092492+00:00
S-JTBD-W0045-ESSAY-REFINE-0001,JTBD-W0045-ESSAY-REFINE,huda-2025,call,2023-06-26,How do I show not tell in my application?,"Ship small proofs—1–2 minute demo clips, published pieces, and a tidy README beat long descriptions.",Proof-over-prose artifacting,"proof-not-prose,artifacting",W004.5 Transcript (Jenny),2025-09-29T20:29:14.758233+00:00
S-JTBD-IMSG-W001-W005-MICRO-0001,JTBD-IMSG-W001-W005-MICRO,huda-2025,imessage,2023-06-30,Can you give me a quick message to email my club advisor?,"Here’s a 3‑sentence template: ask for a 10‑minute slot, specify your goal, propose two times.",Micro-template with constrained choices,"template,outreach",iMessage Part 1 (slice),2025-09-29T20:29:19.677293+00:00
S-JTBD-W005-NAVIANCE-0001,JTBD-W005-NAVIANCE,huda-2025,call,2023-07-07,How many projects in parallel are sane?,"Two streams is the sweet spot: one flagship, one supporting; both should ship small every 1–2 weeks.","Dual-track, ship-small cadence","dual-track,ship-small",W005 Transcript,2025-09-29T20:31:47.854827+00:00
S-JTBD-W001-168H-PLAN-0001,JTBD-W001-168H-PLAN,huda-2025,,2023-06-21,"WEBVTT 1 00:00:27.890 --> 00:00:29.810 Jenny Duan: Hi, Huda, how's it going?",2 00:00:32.740 --> 00:00:33.980 huda: Okay.,,,W001 Transcript (execution slice),2025-09-29T20:58:00.795003+00:00
S-JTBD-W001-168H-PLAN-0002,JTBD-W001-168H-PLAN,huda-2025,,2023-06-21,If you know where that is?,And 14 00:02:28.930 --> 00:02:31.769 huda: so it's not that competitive.,,,W001 Transcript (execution slice),2025-09-29T20:58:00.795013+00:00
S-JTBD-W001-168H-PLAN-0003,JTBD-W001-168H-PLAN,huda-2025,,2023-06-21,"But 15 00:02:31.910 --> 00:02:40.449 huda: as for my passions, I'm really interested in in computer science and just like you artificial intelligence?",16 00:02:40.510 --> 00:02:42.760 and also phone 17 00:02:42.970 --> 00:02:51.919 huda: and I'm looking to major in a film for some schools and computer science and some other schools.,,,W001 Transcript (execution slice),2025-09-29T20:58:00.795020+00:00
S-JTBD-W001-168H-PLAN-0004,JTBD-W001-168H-PLAN,huda-2025,,2023-06-21,So you mentioned that you're looking for help in extracurriculars?,Why does this stand out as an area that you want to work on.,,,W001 Transcript (execution slice),2025-09-29T20:58:00.795026+00:00
S-JTBD-W001-168H-PLAN-0005,JTBD-W001-168H-PLAN,huda-2025,,2023-06-21,Can you talk about your experience in school?,"Yeah, yeah.",,,W001 Transcript (execution slice),2025-09-29T20:58:00.795031+00:00
S-JTBD-W001-168H-PLAN-0006,JTBD-W001-168H-PLAN,huda-2025,,2023-06-21,31 00:05:00.380 --> 00:05:06.130 Jenny Duan: right?,32 00:05:06.150 --> 00:05:09.659 huda: Yeah.,,,W001 Transcript (execution slice),2025-09-29T20:58:00.795037+00:00
S-JTBD-W001-168H-PLAN-0007,JTBD-W001-168H-PLAN,huda-2025,,2023-06-21,"39 00:05:50.740 --> 00:05:56.109 huda: So I think that's somewhere where I kinda missed that on 40 00:05:56.620 --> 00:06:08.550 Jenny Duan: yeah, totally understand?",And you mentioned that you're signing up for community college classes.,,,W001 Transcript (execution slice),2025-09-29T20:58:00.795042+00:00
S-JTBD-W001-168H-PLAN-0008,JTBD-W001-168H-PLAN,huda-2025,,2023-06-21,Is that right?,Do you know what impact those have on your Gpa.,,,W001 Transcript (execution slice),2025-09-29T20:58:00.795049+00:00
S-JTBD-W001-168H-PLAN-0009,JTBD-W001-168H-PLAN,huda-2025,,2023-06-21,"If any, or is it separate from your gpu?","41 00:06:08.590 --> 00:06:20.870 huda: It's separate, but It does come as credits.",,,W001 Transcript (execution slice),2025-09-29T20:58:00.795055+00:00
S-JTBD-W001-168H-PLAN-0010,JTBD-W001-168H-PLAN,huda-2025,,2023-06-21,"Why, Polyside 46 00:06:39.330 --> 00:06:41.420 huda: just because it's 47 00:06:41.600 --> 00:06:52.599 huda: kind of like one of our courses at our schools govern Econ.",And I kind of want like a foundation for that.,,,W001 Transcript (execution slice),2025-09-29T20:58:00.795061+00:00
S-JTBD-W001-168H-PLAN-0011,JTBD-W001-168H-PLAN,huda-2025,,2023-06-21,48 00:06:52.680 --> 00:06:56.720 Jenny Duan: And are you deciding between those 2?,"49 00:06:57.060 --> 00:07:06.480 huda: I'm still deciding, but I think I'm kind of leaning towards film, actually, because it kinda shows it.",,,W001 Transcript (execution slice),2025-09-29T20:58:00.795066+00:00
S-JTBD-W001-168H-PLAN-0012,JTBD-W001-168H-PLAN,huda-2025,,2023-06-21,What kind of roles you're you see yourself in at school?,I know you're part of the I think.,,,W001 Transcript (execution slice),2025-09-29T20:58:00.795080+00:00
S-JTBD-W001-168H-PLAN-0013,JTBD-W001-168H-PLAN,huda-2025,,2023-06-21,But at school would you say that?,Do you talk a lot in your classes.,,,W001 Transcript (execution slice),2025-09-29T20:58:00.795085+00:00
S-JTBD-W001-168H-PLAN-0014,JTBD-W001-168H-PLAN,huda-2025,,2023-06-21,Are you more quiet?,53 00:07:57.360 --> 00:08:10.379 huda: So I'm kind of like a quiet person.,,,W001 Transcript (execution slice),2025-09-29T20:58:00.795089+00:00
S-JTBD-W001-168H-PLAN-0015,JTBD-W001-168H-PLAN,huda-2025,,2023-06-21,"54 00:08:11.740 --> 00:08:14.570 Jenny Duan: And would you say that your friend group is 55 00:08:14.900 --> 00:08:25.570 Jenny Duan: a a bit competitive, or is it more collaborative?","How would you describe, because I've heard a lot about the Bay area.",,,W001 Transcript (execution slice),2025-09-29T20:58:00.795094+00:00
S-JTBD-W002-168H-ITER-0001,JTBD-W002-168H-ITER,huda-2025,,2023-06-26,"I hear that you are starting school, is it tomorrow?","Yeah, amazing.",,,W002 Transcript,2025-09-29T20:58:04.570653+00:00
S-JTBD-W002-168H-ITER-0002,JTBD-W002-168H-ITER,huda-2025,,2023-06-26,How do you feel about that?,"because I actually just switch from regular Us history to ap, and then I have to do like all my Ap summer homework 4 00:00:24.390 --> 00:00:26.069 huda: today.",,,W002 Transcript,2025-09-29T20:58:04.570660+00:00
S-JTBD-W002-168H-ITER-0003,JTBD-W002-168H-ITER,huda-2025,,2023-06-26,"5 00:00:26.480 --> 00:00:35.980 Jenny Duan: oh, wow, how much work do you have?",Do you still have a lot to do.,,,W002 Transcript,2025-09-29T20:58:04.570666+00:00
S-JTBD-W002-168H-ITER-0004,JTBD-W002-168H-ITER,huda-2025,,2023-06-26,Or did you decide on the polysylon?,"9 00:00:54.900 --> 00:01:03.300 huda: I'm trying to actually find the available courses because, I can't really find them on the website.",,,W002 Transcript,2025-09-29T20:58:04.570672+00:00
S-JTBD-W002-168H-ITER-0005,JTBD-W002-168H-ITER,huda-2025,,2023-06-26,"Right now, can you put your email in the chat?",Is that okay.,,,W002 Transcript,2025-09-29T20:58:04.570678+00:00
S-JTBD-W002-168H-ITER-0006,JTBD-W002-168H-ITER,huda-2025,,2023-06-26,"22 00:02:40.290 --> 00:02:43.489 Jenny Duan: So, are you able to see this on your screen?","23 00:02:44.000 --> 00:02:46.510 huda: Yeah, okay, amazing.",,,W002 Transcript,2025-09-29T20:58:04.570705+00:00
S-JTBD-W002-168H-ITER-0007,JTBD-W002-168H-ITER,huda-2025,,2023-06-26,"30 00:04:02.300 --> 00:04:31.369 Jenny Duan: when you've gathered all the materials so materials being like, what is the recommendation?","Transcripts, etc., extra curriculum section filled, essays, drafted, edited, submitted, and then status so in progress, submitted, accepted, declined, and not yet started.",,,W002 Transcript,2025-09-29T20:58:04.570713+00:00
S-JTBD-W002-168H-ITER-0008,JTBD-W002-168H-ITER,huda-2025,,2023-06-26,"What should be to really outline your game plan for the school year in this semester, because 34 00:05:10.830 --> 00:05:34.709 Jenny Duan: I remember last time we talked we discovered that something that you might experience is a little bit of trouble scheduling your day and figuring out how much time you spend on school work versus extracurriculars, and how you can fit in time to actually do all the things that you want to do, like work on your games, start your club and all of these things.",So I was thinking that that should be the goal of today's session is to figure out really outlining how we can empower you to 35 00:05:34.730 --> 00:05:39.810 Jenny Duan: have a schedule and know how to manage your time as you go into this new school year.,,scheduling,W002 Transcript,2025-09-29T20:58:04.570720+00:00
S-JTBD-W002-168H-ITER-0009,JTBD-W002-168H-ITER,huda-2025,,2023-06-26,How does that sound?,"36 00:05:40.200 --> 00:05:44.370 huda: Yeah, that sounds really nice.",,,W002 Transcript,2025-09-29T20:58:04.570725+00:00
S-JTBD-W002-168H-ITER-0010,JTBD-W002-168H-ITER,huda-2025,,2023-06-26,Is that your question?,47 00:06:57.900 --> 00:06:59.870 huda: 168.,,scheduling,W002 Transcript,2025-09-29T20:58:04.570731+00:00
S-JTBD-W002-168H-ITER-0011,JTBD-W002-168H-ITER,huda-2025,,2023-06-26,Did you look that up?,"Okay, all good.",,,W002 Transcript,2025-09-29T20:58:04.570736+00:00
S-JTBD-W002-168H-ITER-0012,JTBD-W002-168H-ITER,huda-2025,,2023-06-26,How many hours you want to spend on everything?,the reason why it's really important to know exactly how many hours we need to spend on everything is because on the common app.,,scheduling,W002 Transcript,2025-09-29T20:58:04.570742+00:00
S-JTBD-W002-168H-ITER-0013,JTBD-W002-168H-ITER,huda-2025,,2023-06-26,How?,56 h.,,,W002 Transcript,2025-09-29T20:58:04.570747+00:00
S-JTBD-W002-168H-ITER-0014,JTBD-W002-168H-ITER,huda-2025,,2023-06-26,Is that so?,55 00:08:28.590 --> 00:08:33.379 Jenny Duan: Amazing.,,,W002 Transcript,2025-09-29T20:58:04.570752+00:00
S-JTBD-W002-168H-ITER-0015,JTBD-W002-168H-ITER,huda-2025,,2023-06-26,How long do you spend in school?,57 00:08:41.570 --> 00:08:44.260 huda: Yeah.,,,W002 Transcript,2025-09-29T20:58:04.570757+00:00
S-JTBD-W003-GOALS-0001,JTBD-W003-GOALS,huda-2025,,2023-06-26,Week 0 - 168Hour_2_Coaching_Jenny_Huda_Wk00_2023-06-26_M_f084cadefd4d4213U_2023-06-25_0 0-00-00 WEBVTT 1 00:01:01.750 --> 00:01:03.150 Ivy Mentors: Hey?,Hello!,,,W003 Transcript,2025-09-29T20:58:07.064325+00:00
S-JTBD-W003-GOALS-0002,JTBD-W003-GOALS,huda-2025,,2023-06-26,How are you?,2 00:01:03.620 --> 00:01:04.480 huda: Hello!,,,W003 Transcript,2025-09-29T20:58:07.064334+00:00
S-JTBD-W003-GOALS-0003,JTBD-W003-GOALS,huda-2025,,2023-06-26,3 00:01:11.910 --> 00:01:13.359 Ivy Mentors: Why are you laughing?,4 00:01:13.500 --> 00:01:14.360 And 5 00:01:18.840 --> 00:01:22.209 Ivy Mentors: I'm good.,,,W003 Transcript,2025-09-29T20:58:07.064340+00:00
S-JTBD-W003-GOALS-0004,JTBD-W003-GOALS,huda-2025,,2023-06-26,"Ask Jenny about some timer technique, right?",Like alerts.,,,W003 Transcript,2025-09-29T20:58:07.064346+00:00
S-JTBD-W003-GOALS-0005,JTBD-W003-GOALS,huda-2025,,2023-06-26,"14 00:02:23.770 --> 00:02:26.960 Ivy Mentors: Hi, Jenny, how are you?","Well, it's good to see you.",,,W003 Transcript,2025-09-29T20:58:07.064352+00:00
S-JTBD-W003-GOALS-0006,JTBD-W003-GOALS,huda-2025,,2023-06-26,How's it going?,19 00:02:51.560 --> 00:02:53.360 huda: I'm good.,,,W003 Transcript,2025-09-29T20:58:07.064358+00:00
S-JTBD-W003-GOALS-0007,JTBD-W003-GOALS,huda-2025,,2023-06-26,How are you?,20 00:02:53.670 --> 00:02:57.630 Jenny Duan: I'm doing well.,,,W003 Transcript,2025-09-29T20:58:07.064364+00:00
S-JTBD-W003-GOALS-0008,JTBD-W003-GOALS,huda-2025,,2023-06-26,How is your first week of school?,"21 00:02:58.260 --> 00:03:07.380 huda: Oh, sorry I forgot to message you.",,,W003 Transcript,2025-09-29T20:58:07.064370+00:00
S-JTBD-W003-GOALS-0009,JTBD-W003-GOALS,huda-2025,,2023-06-26,"25 00:03:23.180 --> 00:03:28.010 Jenny Duan: same teacher, for what subject?",But for Cs awesome.,,,W003 Transcript,2025-09-29T20:58:07.064376+00:00
S-JTBD-W003-GOALS-0010,JTBD-W003-GOALS,huda-2025,,2023-06-26,"27 00:03:36.070 --> 00:03:38.079 Jenny Duan: Oh, got you awesome 28 00:03:38.110 --> 00:03:48.199 Jenny Duan: And how did everything else go?",How we like you for staff classes!,,,W003 Transcript,2025-09-29T20:58:07.064381+00:00
S-JTBD-W003-GOALS-0011,JTBD-W003-GOALS,huda-2025,,2023-06-26,and how are the how is like the beginning of clubs?,29 00:03:48.810 --> 00:04:14.059 huda: Yeah.,,,W003 Transcript,2025-09-29T20:58:07.064387+00:00
S-JTBD-W003-GOALS-0012,JTBD-W003-GOALS,huda-2025,,2023-06-26,"And then, how has the schedule been going?",what are your thoughts on how that went.,,,W003 Transcript,2025-09-29T20:58:07.064393+00:00
S-JTBD-W003-GOALS-0013,JTBD-W003-GOALS,huda-2025,,2023-06-26,How's your sat going?,39 00:05:26.200 --> 00:05:30.479 huda: Yeah.,,,W003 Transcript,2025-09-29T20:58:07.064399+00:00
S-JTBD-W003-GOALS-0014,JTBD-W003-GOALS,huda-2025,,2023-06-26,And when are you taking it again?,"45 00:06:01.590 --> 00:06:04.470 Jenny Duan: Okay, so in 2 months from now, okay.",,,W003 Transcript,2025-09-29T20:58:07.064404+00:00
S-JTBD-W003-GOALS-0015,JTBD-W003-GOALS,huda-2025,,2023-06-26,And when are you taking it again?,Start really doubling down on your prep.,,,W003 Transcript,2025-09-29T20:58:07.064410+00:00
S-JTBD-W004-PROFILE-0001,JTBD-W004-PROFILE,huda-2025,,2023-06-26,2 00:00:17.040 --> 00:00:18.280 Ivy Mentors: What's it?,3 00:00:30.800 --> 00:00:32.800 Janice Teoh: Yeah.,,,W004 Transcript (Janice),2025-09-29T20:58:09.727907+00:00
S-JTBD-W004-PROFILE-0002,JTBD-W004-PROFILE,huda-2025,,2023-06-26,9 00:01:10.660 --> 00:01:12.729 Ivy Mentors: how are you doing?,10 00:01:12.750 --> 00:01:13.889 Janice Teoh: I'm good.,,,W004 Transcript (Janice),2025-09-29T20:58:09.727915+00:00
S-JTBD-W004-PROFILE-0003,JTBD-W004-PROFILE,huda-2025,,2023-06-26,11 00:01:14.480 --> 00:01:17.440 Ivy Mentors: Nice to 12 00:01:18.640 --> 00:01:24.529 Janice Teoh: nice to meet you?,"yeah, I just had my first day at work today.",,,W004 Transcript (Janice),2025-09-29T20:58:09.727921+00:00
S-JTBD-W004-PROFILE-0004,JTBD-W004-PROFILE,huda-2025,,2023-06-26,Why not?,Like.,,,W004 Transcript (Janice),2025-09-29T20:58:09.727926+00:00
S-JTBD-W004-PROFILE-0005,JTBD-W004-PROFILE,huda-2025,,2023-06-26,31 00:03:36.990 --> 00:03:38.550 Ivy Mentors: So what?,"32 00:03:39.000 --> 00:03:45.710 Ivy Mentors: Again, like, one of the challenges for me, like, you know, being like not having study in the Us is like, I even today.",,,W004 Transcript (Janice),2025-09-29T20:58:09.727931+00:00
S-JTBD-W004-PROFILE-0006,JTBD-W004-PROFILE,huda-2025,,2023-06-26,"33 00:03:45.790 --> 00:03:59.640 Ivy Mentors: it's very hard for me to really understand the whole kind of us application process, right?",And I feel that ignorance is not helping.,,,W004 Transcript (Janice),2025-09-29T20:58:09.727936+00:00
S-JTBD-W004-PROFILE-0007,JTBD-W004-PROFILE,huda-2025,,2023-06-26,And can you see the document?,"34 00:03:59.900 --> 00:04:08.489 Janice Teoh: Yeah, yeah, I'm looking at it right now.",,,W004 Transcript (Janice),2025-09-29T20:58:09.727942+00:00
S-JTBD-W004-PROFILE-0008,JTBD-W004-PROFILE,huda-2025,,2023-06-26,"these are the biggest buckets, right?","39 00:04:42.110 --> 00:04:51.159 Janice Teoh: So I wanted to do that like, you know, to do a similar exercise, because, to be very honest, I haven't really spent time with the and kind of understanding that 40 00:04:52.160 --> 00:04:53.110 Ivy Mentors: no 41 00:04:53.680 --> 00:05:00.580 Ivy Mentors: So we're going to fill this right.",,,W004 Transcript (Janice),2025-09-29T20:58:09.727947+00:00
S-JTBD-W004-PROFILE-0009,JTBD-W004-PROFILE,huda-2025,,2023-06-26,"And again, this is where, like, you know, it's a fear of missing out right as a parent, I'm like, hey?",You know what I mean.,,,W004 Transcript (Janice),2025-09-29T20:58:09.727953+00:00
S-JTBD-W004-PROFILE-0010,JTBD-W004-PROFILE,huda-2025,,2023-06-26,48 00:05:52.950 --> 00:06:15.369 Ivy Mentors: what did you kind of take a holistic kind of assessment of who the in this section?,What we have been doing with the students as an example.,,,W004 Transcript (Janice),2025-09-29T20:58:09.727958+00:00
S-JTBD-W004-PROFILE-0011,JTBD-W004-PROFILE,huda-2025,,2023-06-26,"And I don't know if you guys did that, or you just like delve deeply into right?",I know that there's a lot of time.,,,W004 Transcript (Janice),2025-09-29T20:58:09.727971+00:00
S-JTBD-W004-PROFILE-0012,JTBD-W004-PROFILE,huda-2025,,2023-06-26,Can this help her really stand out in passion?,"But oh, yeah, this was founded by a Stanford Cs student in 2,019, and we are a bunch of Mit and Stanford students we really like, we can guarantee that whatever you do here will help you really stand out.",,,W004 Transcript (Janice),2025-09-29T20:58:09.727976+00:00
S-JTBD-W004-PROFILE-0013,JTBD-W004-PROFILE,huda-2025,,2023-06-26,"50 00:06:40.090 --> 00:06:46.570 Ivy Mentors: And I'm like, how can you stand out if, like, 5 people are pick the same project together right?","Like I, that's that's the thing that I don't understand.",,,W004 Transcript (Janice),2025-09-29T20:58:09.727981+00:00
S-JTBD-W004-PROFILE-0014,JTBD-W004-PROFILE,huda-2025,,2023-06-26,"How does she go about 53 00:06:55.150 --> 00:06:58.740 Ivy Mentors: not losing a track of all these like tracks 54 00:06:58.970 --> 00:07:17.260 Ivy Mentors: probably pick up like one or 2 things in the way you're just helped her identify a passion project similar like others, extra curriculums, and might be a few awards right and and and you know it could.",Like our or what of the creative path.,,,W004 Transcript (Janice),2025-09-29T20:58:09.727989+00:00
S-JTBD-W004-PROFILE-0015,JTBD-W004-PROFILE,huda-2025,,2023-06-26,Why do you want her to be close by?,61 00:08:21.930 --> 00:08:23.980 Ivy Mentors: That's a great question.,,,W004 Transcript (Janice),2025-09-29T20:58:09.727994+00:00
S-JTBD-W0045-ESSAY-REFINE-0001,JTBD-W0045-ESSAY-REFINE,huda-2025,,2023-06-26,"Week 58 - Coaching_Jenny_Huda_Wk58_2023-06-26_M_0f53dda2ddac18b2U_U_00-00-00 WEBVTT 1 00:00:17.380 --> 00:00:20.740 Jenny Duan: Hey, Jenny?","Yeah, she's joining perfect.",,,W004.5 Transcript (Jenny),2025-09-29T20:58:12.032941+00:00
S-JTBD-W0045-ESSAY-REFINE-0002,JTBD-W0045-ESSAY-REFINE,huda-2025,,2023-06-26,How's it going?,"4 00:01:11.660 --> 00:01:13.559 huda: Hi, it's good.",,,W004.5 Transcript (Jenny),2025-09-29T20:58:12.032953+00:00
S-JTBD-W0045-ESSAY-REFINE-0003,JTBD-W0045-ESSAY-REFINE,huda-2025,,2023-06-26,How are you?,"5 00:01:13.810 --> 00:01:23.460 Jenny Duan: Yeah, I'm doing well.",,,W004.5 Transcript (Jenny),2025-09-29T20:58:12.032963+00:00
S-JTBD-W0045-ESSAY-REFINE-0004,JTBD-W0045-ESSAY-REFINE,huda-2025,,2023-06-26,How's everything going with school?,6 00:01:23.820 --> 00:01:45.789 huda: Yeah.,,,W004.5 Transcript (Jenny),2025-09-29T20:58:12.032973+00:00
S-JTBD-W0045-ESSAY-REFINE-0005,JTBD-W0045-ESSAY-REFINE,huda-2025,,2023-06-26,"This would be a good time to do that 16 00:03:09.120 --> 00:03:11.490 Jenny Duan: on this like 5, 15 window 17 00:03:13.950 --> 00:03:18.120 Jenny Duan: this?","4, 15 to 5, 15 window.",,,W004.5 Transcript (Jenny),2025-09-29T20:58:12.032983+00:00
S-JTBD-W0045-ESSAY-REFINE-0006,JTBD-W0045-ESSAY-REFINE,huda-2025,,2023-06-26,Does that does that sound good to you?,"18 00:03:18.180 --> 00:03:28.449 Jenny Duan: Yeah, definitely sounds good.",,,W004.5 Transcript (Jenny),2025-09-29T20:58:12.032992+00:00
S-JTBD-W0045-ESSAY-REFINE-0007,JTBD-W0045-ESSAY-REFINE,huda-2025,,2023-06-26,How is that going?,19 00:03:29.280 --> 00:03:33.040 huda: I haven't been able to make that much progress.,,,W004.5 Transcript (Jenny),2025-09-29T20:58:12.033002+00:00
S-JTBD-W0045-ESSAY-REFINE-0008,JTBD-W0045-ESSAY-REFINE,huda-2025,,2023-06-26,28 00:04:25.640 --> 00:04:31.610 Jenny Duan: What types of features do you want to build within the next week?,30 00:04:34.890 --> 00:04:36.520 huda: No.,,,W004.5 Transcript (Jenny),2025-09-29T20:58:12.033011+00:00
S-JTBD-W0045-ESSAY-REFINE-0009,JTBD-W0045-ESSAY-REFINE,huda-2025,,2023-06-26,And how are you gonna fit that into your schedule like every single day?,32 00:04:46.760 --> 00:04:59.510 huda: I'm thinking.,,,W004.5 Transcript (Jenny),2025-09-29T20:58:12.033020+00:00
S-JTBD-W0045-ESSAY-REFINE-0010,JTBD-W0045-ESSAY-REFINE,huda-2025,,2023-06-26,"We need to figure out, one a way to frame what you've spent time doing this summer, and then what you spent time doing, what you're going to be spending time doing next summer?",For your application.,,,W004.5 Transcript (Jenny),2025-09-29T20:58:12.033030+00:00
S-JTBD-W0045-ESSAY-REFINE-0011,JTBD-W0045-ESSAY-REFINE,huda-2025,,2023-06-26,Does that make sense?,So this summer.,,,W004.5 Transcript (Jenny),2025-09-29T20:58:12.033038+00:00
S-JTBD-W0045-ESSAY-REFINE-0012,JTBD-W0045-ESSAY-REFINE,huda-2025,,2023-06-26,Can you describe to me what you've spent most of your time doing?,43 00:06:04.570 --> 00:06:17.510 huda: Yeah.,,,W004.5 Transcript (Jenny),2025-09-29T20:58:12.033048+00:00
S-JTBD-W0045-ESSAY-REFINE-0013,JTBD-W0045-ESSAY-REFINE,huda-2025,,2023-06-26,Can you repeat that?,58 00:07:36.620 --> 00:07:44.100 huda: Yeah.,,,W004.5 Transcript (Jenny),2025-09-29T20:58:12.033057+00:00
S-JTBD-W0045-ESSAY-REFINE-0014,JTBD-W0045-ESSAY-REFINE,huda-2025,,2023-06-26,Okay?,And then framing next summer.,,,W004.5 Transcript (Jenny),2025-09-29T20:58:12.033066+00:00
S-JTBD-W0045-ESSAY-REFINE-0015,JTBD-W0045-ESSAY-REFINE,huda-2025,,2023-06-26,"So for things that you want to continue next summer, what is 64 00:08:19.180 --> 00:08:26.290 Jenny Duan: have you thought about?",What type of project you want to do next summer.,,,W004.5 Transcript (Jenny),2025-09-29T20:58:12.033075+00:00
S-JTBD-W005-NAVIANCE-0001,JTBD-W005-NAVIANCE,huda-2025,,2023-07-07,How's it going?,2 00:01:39.550 --> 00:01:40.629 huda siraj: Good!,,,W005 Transcript,2025-09-29T20:58:14.404025+00:00
S-JTBD-W005-NAVIANCE-0002,JTBD-W005-NAVIANCE,huda-2025,,2023-07-07,How are you?,3 00:01:40.940 --> 00:01:43.389 Jenny Duan: I'm good.,,,W005 Transcript,2025-09-29T20:58:14.404033+00:00
S-JTBD-W005-NAVIANCE-0003,JTBD-W005-NAVIANCE,huda-2025,,2023-07-07,How's your week?,4 00:01:44.360 --> 00:01:59.869 huda siraj: It's been going good.,,,W005 Transcript,2025-09-29T20:58:14.404039+00:00
S-JTBD-W005-NAVIANCE-0004,JTBD-W005-NAVIANCE,huda-2025,,2023-07-07,Or does that mean?,Yeah.,,,W005 Transcript,2025-09-29T20:58:14.404044+00:00
S-JTBD-W005-NAVIANCE-0005,JTBD-W005-NAVIANCE,huda-2025,,2023-07-07,Is there something in your speaker settings you can check?,"14 00:02:50.010 --> 00:02:51.330 Jenny Duan: Yeah, yeah, that's better.",,,W005 Transcript,2025-09-29T20:58:14.404049+00:00
S-JTBD-W005-NAVIANCE-0006,JTBD-W005-NAVIANCE,huda-2025,,2023-07-07,How's everything going with school in general.,19 00:03:08.200 --> 00:03:20.020 huda siraj: Yeah.,,,W005 Transcript,2025-09-29T20:58:14.404055+00:00
S-JTBD-W005-NAVIANCE-0007,JTBD-W005-NAVIANCE,huda-2025,,2023-07-07,22 00:03:34.370 --> 00:03:38.520 Jenny Duan: And how are you planning to meet your counselor if they're not available for appointments?,"23 00:03:39.710 --> 00:03:59.649 huda siraj: I think she's actually a lot more responsive like when you sign this one form like I don't know there was a form, but when I went in person I I found like a QR.",,,W005 Transcript,2025-09-29T20:58:14.404060+00:00
S-JTBD-W005-NAVIANCE-0008,JTBD-W005-NAVIANCE,huda-2025,,2023-07-07,31 00:04:37.970 --> 00:04:43.510 Jenny Duan: okay?,And then SAT.,,,W005 Transcript,2025-09-29T20:58:14.404065+00:00
S-JTBD-W005-NAVIANCE-0009,JTBD-W005-NAVIANCE,huda-2025,,2023-07-07,Were you able to take a practice test this weekend?,And how did that go.,,,W005 Transcript,2025-09-29T20:58:14.404071+00:00
S-JTBD-W005-NAVIANCE-0010,JTBD-W005-NAVIANCE,huda-2025,,2023-07-07,36 00:05:21.970 --> 00:05:25.869 Jenny Duan: And then empowering a I what's your progress on that so far?,37 00:05:26.300 --> 00:05:50.500 huda siraj: Yeah.,,,W005 Transcript,2025-09-29T20:58:14.404076+00:00
S-JTBD-W005-NAVIANCE-0011,JTBD-W005-NAVIANCE,huda-2025,,2023-07-07,40 00:06:19.050 --> 00:06:21.640 Jenny Duan: So what's your plan to find someone younger?,"41 00:06:21.770 --> 00:06:37.370 huda siraj: So my partner, she's in like the Cs level, which is like for a grade younger than us.",,,W005 Transcript,2025-09-29T20:58:14.404081+00:00
S-JTBD-W005-NAVIANCE-0012,JTBD-W005-NAVIANCE,huda-2025,,2023-07-07,"Then, were you able to create the Instagram account 44 00:06:47.620 --> 00:06:54.000 Jenny Duan: or start developing curriculum yet?","45 00:06:54.270 --> 00:06:59.400 Jenny Duan: Okay, great.",,,W005 Transcript,2025-09-29T20:58:14.404086+00:00
S-JTBD-W005-NAVIANCE-0013,JTBD-W005-NAVIANCE,huda-2025,,2023-07-07,47 00:07:03.380 --> 00:07:11.109 Jenny Duan: and then do you have a a weekly meeting or a meeting scheduled with your partner yet?,"Yes, so we met 48 00:07:11.490 --> 00:07:13.910 huda siraj: yesterday 49 00:07:13.980 --> 00:07:30.690 huda siraj: or day before yesterday.",,,W005 Transcript,2025-09-29T20:58:14.404091+00:00
S-JTBD-W005-NAVIANCE-0014,JTBD-W005-NAVIANCE,huda-2025,,2023-07-07,50 00:07:30.790 --> 00:07:39.940 huda siraj: Why don't just make it for the Congressional App challenge instead of making a website?,Why don't you just create an app.,,,W005 Transcript,2025-09-29T20:58:14.404096+00:00
S-JTBD-W005-NAVIANCE-0015,JTBD-W005-NAVIANCE,huda-2025,,2023-07-07,Have you ever developed an app before?,56 00:08:37.140 --> 00:08:45.290 huda siraj: No.,,,W005 Transcript,2025-09-29T20:58:14.404101+00:00
S-JTBD-EXEC-PART1-0001,JTBD-EXEC-PART1,huda-2025,,2023-08-02–2024-08-30,"Sincerely, Huda NCWiT AiC Questions Please describe what sparked your interest in computing and technology and how has that interest furthered your experience in computing and technology?",(500 words) Robot Bay Area founders Wanting to amaze the world with code Wanting to do it regardless Lack of leadership/initiative Tell us what you have been doing with technology and be sure to give us specific details on your technology skills and activities.,Proof-over-prose artifacting,proof-not-prose,Execution Doc (Part 1),2025-09-29T20:58:16.747108+00:00
S-JTBD-EXEC-PART1-0002,JTBD-EXEC-PART1,huda-2025,,2023-08-02–2024-08-30,"However, I am excited about learning*** and would appreciate the opportunity to take this course.","I am wondering if you have any additional resources to facilitate this sign process, or if you would be able to register me directly.",,,Execution Doc (Part 1),2025-09-29T20:58:16.747116+00:00
S-JTBD-EXEC-PART1-0003,JTBD-EXEC-PART1,huda-2025,,2023-08-02–2024-08-30,"Sincerely, Huda Film Club to continue this year AI club— no advisor Option 1: Leadership role at an existing organization Women in AI Ethics Encode Justice Other organizations ( we can research) Option 2: Start your own organization Option 3: Starting your own chapter of an existing organization Starting your own organization: AI Ethics for women Empowering AI AI Education for women Organization structure Build national team Tasks: Develop curriculum for the bootcamp Outreach + social media Develop website AI bootcamp (develop own model) Free virtual bootcamp What makes you different?","Hands-on projects Activities where we learn about AI Workshop series Presentation series about different AI issues Hands on building with AI challenge Hackathon Conference (one-day) Education for youth in your area Talk about your game Demo, they can work on it Finished regression model Researching engaging dev log Send it to the Professor instructing the course and copy Community college registration support email Finalize leadership team Schedule first interview Look into game website hosting Finalize bio/profile picture First post up Film game video 08/26/2023 SAT Practice Test Standardized Deviation Submitted application for film club Empowering AI: Reached out to partner for collaboration AI Ethics Toolkit Follow-up sent to first interviewee Professional Social Media: Set up bio and profile picture Forklift goals: Interactive website Get mentioned in local newspaper 4 interviews Reach someone across the US School: Send follow-up to cc support team Take SAT Practice test Empowering AI: Create IG account Start Website Begin developing curriculum Send follow-up to Empowering AI co-leads Folklift: Send email to the third business Videogame project: First post up for videogame pr Cross-post first professional IG to LinkedIn Youtube: Footage for game art – editing 08/30/2023 Club approved Community College course signed up Meeting your counselor: Game plan: Spend 5 minutes introducing yourself and your interests/hobbies/goals Sign the form Empowering AI Other partner: Good for doing the social media + curriculum development Meeting schedule established Goal: Find someone else to do the web development (ideally someone younger) Partner has someone in mind Congressional App Challenge Goal: Impact the community locally (wildfire tracker) Forklift: Difficulty finding businesses Henna business Clothing business Expanding scope to other cities Videogame Project: Working on more game art Integrating Ada Lovelace into the game Finding the history of women in STEM and why they are relevant to the game Introduction post Who you are, why you’re working on the game, what you’re doing Youtube Research the characters Giving it meaning Film club: Incentivize people to sign up Give out candy, raffle, etc or anything else First club fair: 70 member sign up Intro for student news Feature on student news Advertising program Sign up to be an actor/actress for short films Looking for 3 officers School: Take SAT Meet with Counselor Empowering AI: Create IG account Start Website Forklift: Facebook post Reach out to 3 other businesses Schedule first business interview Videogame Project: First post up for videogame pr Cross-post first professional IG to LinkedIn Youtube: Get video up by EOW 08/30/2023 Folklift 7 confirmed interviews Youtube Unity tutorial All As on progress report Film Club 132 signups Empowering AI Congressional app challenge idea solidified Toolkit (AI Education Toolkit) First meeting: general CS/Python Second meeting: general about AI Third meeting: Build something AI related Fourth meeting: AI Ethics What in your toolkit: 4 google slides: lesson slides 4 google docs: lesson content/lesson plan 4 resources list (one for for every lesson) Technology Executive Financial Advisor Sign ups: as many as possible SAT 1470 Systems of equations, find the solution 09/06/2023 Empowering AI Technology executive !",Proof-over-prose artifacting,"scheduling,proof-not-prose",Execution Doc (Part 1),2025-09-29T20:58:16.747123+00:00
S-JTBD-EXEC-PART1-0004,JTBD-EXEC-PART1,huda-2025,,2023-08-02–2024-08-30,"However, as I grew older, … not a safe space… only 24 percent are female… want to change that … now I am older….",Have a nonprofit.,,,Execution Doc (Part 1),2025-09-29T20:58:16.747129+00:00
S-JTBD-EXEC-PART1-0005,JTBD-EXEC-PART1,huda-2025,,2023-08-02–2024-08-30,What I found was that video games had an immense role on their players’ mental health.,"Over 89% of gamers were diagnosed with depression, and many reflected this behavior with violence.",,,Execution Doc (Part 1),2025-09-29T20:58:16.747135+00:00
S-JTBD-EXEC-PART1-0006,JTBD-EXEC-PART1,huda-2025,,2023-08-02–2024-08-30,What’s really disheartening is that some video games encourage this behavior.,"The top 3 video games in the world include Fortnite, Valorant, and CS:GO - all aggressive games exemplifying violence.",,,Execution Doc (Part 1),2025-09-29T20:58:16.747141+00:00
S-JTBD-EXEC-PART1-0007,JTBD-EXEC-PART1,huda-2025,,2023-08-02–2024-08-30,What I uncovered in that debate was a profound revelation.,Video games had cast a shadow on the mental health of their players.,,,Execution Doc (Part 1),2025-09-29T20:58:16.747146+00:00
S-JTBD-EXEC-PART1-0008,JTBD-EXEC-PART1,huda-2025,,2023-08-02–2024-08-30,What’s especially disheartening is that some video games encourage this behavior.,"The top 3 video games in the world include Fortnite, Valorant, and CS:GO - all aggressive first-person-shooter games glorifying gun violence.",,,Execution Doc (Part 1),2025-09-29T20:58:16.747152+00:00
S-JTBD-EXEC-PART1-0009,JTBD-EXEC-PART1,huda-2025,,2023-08-02–2024-08-30,Who in your life has helped you better understand the value of money and what are the most important lessons you’ve learned from them and through your own experience?,"The lights flickered shut, and I watched as my Fortnite avatar jogged in place while getting eliminated by other players.",,,Execution Doc (Part 1),2025-09-29T20:58:16.747156+00:00
S-JTBD-EXEC-PART1-0010,JTBD-EXEC-PART1,huda-2025,,2023-08-02–2024-08-30,“The light AND internet went out?,I need to submit my chemistry paper!” my sister complained.,,,Execution Doc (Part 1),2025-09-29T20:58:16.747162+00:00
S-JTBD-EXEC-PART1-0011,JTBD-EXEC-PART1,huda-2025,,2023-08-02–2024-08-30,Can you believe it?,"I was just about to reach tier 100, but some minute money problem messed it all up.",,,Execution Doc (Part 1),2025-09-29T20:58:16.747167+00:00
S-JTBD-EXEC-PART1-0012,JTBD-EXEC-PART1,huda-2025,,2023-08-02–2024-08-30,"When we got the money back, my dad rewarded me with lots of v-bucks (fortnite currency).","He explained that, even in our faith, we are supposed to invest in things so they can benefit you later WINTER Week 1 Session 2: 12/04/2023 APUSH Opportunity to turn the grade into an A Calc Tutor Empowering AI Contact with HP employee (Ruchi, December 12th) Setting up marketing Reached out to ASB officer to spread information Trying to get a district-wide email Collaboration with the girl from Florida (from Encode Justice) Game Uploaded a demo of the game onto itch.io Continuing on Instagram Folklift Website Release Posting on Reels Video projects are not doable Writing like a journalist because of AP Lang Film Club Entered last year’s film into a local film festival Week 2 Session 1: 12/05/2023 Call with girl from Slack Deciding on collab Hackathon Bootcamp AI Ethics in Specific (more specific, broader/older audience) Gamified- KWK Connections Kahoot!",Proof-over-prose artifacting,proof-not-prose,Execution Doc (Part 1),2025-09-29T20:58:16.747173+00:00
S-JTBD-EXEC-PART1-0013,JTBD-EXEC-PART1,huda-2025,,2023-08-02–2024-08-30,Calls Objective: learn more about their career path What resources there are available Talk about your game There are opportunities that they know to improve your game Send the game to them LinkedIn post: I made this game Game updates Features in the game Why did you choose to create these characters?,"Folklift 3 people working on it San Jose State Internship certificate 501(c)3 Empowering AI No updates Growth hack: Sign up for Hackathons and publish your game in their channels Devpost.com Hackclub.com Collaboration workshop Girls who code Workshop at a Hackathon Pitch to hackathons Target age range: middle school + all of high school Boys and Girls Club of America YMCA Low-income youth Winter Break Goals: Expand extracurriculars Summer Program Applications Bank of America Student Leaders Reccomendation Essays Additional Information Notre Dame Leadership Seminars Reccomendation Essays Additional Information Asian American Journalism Camp - March 1, 2024 AI Scholars @ CMU - March 1, 2024 Session 25 P1: 01/06/2024 Decision 1: Want to prioritize major.",Proof-over-prose artifacting,proof-not-prose,Execution Doc (Part 1),2025-09-29T20:58:16.747179+00:00
S-JTBD-EXEC-PART1-0014,JTBD-EXEC-PART1,huda-2025,,2023-08-02–2024-08-30,"Game design + interactive media arts (engineering + design) Decision 2: Priority is California, but open to other locations College List Brainstorming: USC - game development major Weather: Student Life: Lots of football games, party school Location (city): Academic culture (grades, competition, etc): Job Opportunities: UCI - game design and interactive media Chapman University - game design minor UCSC - game design MIT - interactive media Penn - interactive media arts Northeastern - BFA in game design NYU - BFA game design UC Davis - interactive design UC Berkeley / UCLA - media studies CMU - human-computer interaction Action Items: Research these schools + more schools Questions: Weather Student Life Location (city) Academic culture (grades, competition, etc) Job Opportunities / placements (co-op program, etc)?","Media Studies Major, Game Design/Development Major OR Minor, Schools in the areas you want to be / schools that are well resourced (meaning they have game development clubs) GOAL: Choose top 1 school, top 3 schools, top 5 schools, “the rest” USC (BFA Game Development and Interaction Design) LOTS of Job Opportunities Academic Culture, feel like it’s the best balance between rigor and control, so I will still get the experience of learning and school while having time to myself & enjoying college Program is really immersive & has actual experience with published, award winning games as projects.",Proof-over-prose artifacting,proof-not-prose,Execution Doc (Part 1),2025-09-29T20:58:16.747184+00:00
S-JTBD-EXEC-PART1-0015,JTBD-EXEC-PART1,huda-2025,,2023-08-02–2024-08-30,"heard it is 75% CS and 25% art, so it isn’t much game development involved?",multiple sources claim this major to be the HARDEST class.,,,Execution Doc (Part 1),2025-09-29T20:58:16.747189+00:00
S-JTBD-IMSG-PART1-0001,JTBD-IMSG-PART1,huda-2025,,2023-06–2024-??,first week of school One thing I remember we talked about is how you feel like your friend group at school is slightly toxic is this the case or did I remember incorrectly?,hi Jenny!,,,iMessage Part 1 (slice),2025-09-29T20:58:18.870914+00:00
S-JTBD-IMSG-PART1-0002,JTBD-IMSG-PART1,huda-2025,,2023-06–2024-??,"i’ll definitely try being more outgoing and stand out more in class (though i know i’ll be struggling "" ) regarding the friend group- kind of?",the majority of my friend group isn’t exactly too focused on extracurriculars (though they have great grades and a good amount of aps as well).,,,iMessage Part 1 (slice),2025-09-29T20:58:18.870925+00:00
S-JTBD-IMSG-PART1-0003,JTBD-IMSG-PART1,huda-2025,,2023-06–2024-??,Would you be able to send me your course schedule this year?,Like a PDF of the classes you’re taking :) yes!,,,iMessage Part 1 (slice),2025-09-29T20:58:18.870935+00:00
S-JTBD-IMSG-PART1-0004,JTBD-IMSG-PART1,huda-2025,,2023-06–2024-??,Would you be able to send me your course schedule this year?,do you know what the meeting passcode is Yes!,,,iMessage Part 1 (slice),2025-09-29T20:58:18.870944+00:00
S-JTBD-IMSG-PART1-0005,JTBD-IMSG-PART1,huda-2025,,2023-06–2024-??,Will you be joining soon?,Join our Cloud HD Video Meeting us06web.zoom.us hi!,,,iMessage Part 1 (slice),2025-09-29T20:58:18.870953+00:00
S-JTBD-IMSG-PART1-0006,JTBD-IMSG-PART1,huda-2025,,2023-06–2024-??,"i’m in the call, can you see me?","Aug 15, 2023 at 8:40PM hey jenny , i was trying to research some more companies to ask but i realized there aren’t many muslim-owned businesses.",,,iMessage Part 1 (slice),2025-09-29T20:58:18.870963+00:00
S-JTBD-IMSG-PART1-0007,JTBD-IMSG-PART1,huda-2025,,2023-06–2024-??,do you think i should reach out to other small businesses (i can name them “woman-owned”)?,"I think that’s enough to start :) Aug 16, 2023 at 11:29AM i’m stuck at 4 :( i also don’t think the family friend would be able to participate since he closed his business my counselor isn’t responding "" i think i’m going to ask the community college support to see if they can help me instead Aug 17, 2023 at 12:37AM i’m stuck at 4 :( i also don’t think the family friend would be able to participate since he closed his business Oh hmmm:( okay!",,,iMessage Part 1 (slice),2025-09-29T20:58:18.870972+00:00
S-JTBD-IMSG-PART1-0008,JTBD-IMSG-PART1,huda-2025,,2023-06–2024-??,Are there any other Facebook groups you can find?,"my counselor isn’t responding "" i think i’m going to ask the community college support to see if they can help me instead Okay no worries!",,,iMessage Part 1 (slice),2025-09-29T20:58:18.870982+00:00
S-JTBD-IMSG-PART1-0009,JTBD-IMSG-PART1,huda-2025,,2023-06–2024-??,Is there anyone else you can talk to?,"Aug 21, 2023 at 11:53AM i might not be able to enroll for cc this semester (maybe next semester) - also, i now have to decide which club to continue since we don’t have enough advisors to do both.",,,iMessage Part 1 (slice),2025-09-29T20:58:18.870991+00:00
S-JTBD-IMSG-PART1-0010,JTBD-IMSG-PART1,huda-2025,,2023-06–2024-??,are there any other teachers you can talk to?,"Continue the original club, we can make the AI ethics one as a nonprofit organization or something different.",,,iMessage Part 1 (slice),2025-09-29T20:58:18.871000+00:00
S-JTBD-IMSG-PART1-0011,JTBD-IMSG-PART1,huda-2025,,2023-06–2024-??,Let’s brainstorm What’ s up with the cc class?,I was originally going to TA for a teacher but if it’s important I can take Spanish instead Okay no worries!,,,iMessage Part 1 (slice),2025-09-29T20:58:18.871019+00:00
S-JTBD-IMSG-PART1-0012,JTBD-IMSG-PART1,huda-2025,,2023-06–2024-??,"I drafted a caption for my first post, is it possible for you to check to see if it looks okay?",Hello everyone!,,,iMessage Part 1 (slice),2025-09-29T20:58:18.871028+00:00
S-JTBD-IMSG-PART1-0013,JTBD-IMSG-PART1,huda-2025,,2023-06–2024-??,I have some suggestions: is there a name change we can do to align it more with ai ethics or equity or DEI?,"Aug 31, 2023 at 7:37PM hm, yes i agree the game needs a more ai ethics related name but i’m not sure what to name it still i think i’ll add that the game introduces topics like ai ethics and famous women in computer science like ada lovelace or carol shaw!",,,iMessage Part 1 (slice),2025-09-29T20:58:18.871038+00:00
S-JTBD-IMSG-PART1-0014,JTBD-IMSG-PART1,huda-2025,,2023-06–2024-??,"I think synthoria is a pretty catchy name, how did you come up with it?","i tried naming the place they’re in, and since the AI basically creates everything i added the “synth” and “oria” is just a suffix for a place "" so i’m trying to think of different ideas.",,,iMessage Part 1 (slice),2025-09-29T20:58:18.871048+00:00
S-JTBD-IMSG-PART1-0015,JTBD-IMSG-PART1,huda-2025,,2023-06–2024-??,how does “ai arcana” or “rogue: an ethical enigma” sound?,Tbh I think Synthoria is good for now!,,,iMessage Part 1 (slice),2025-09-29T20:58:18.871056+00:00
S-JTBD-W006-REVIEW-0001,JTBD-W006-REVIEW,huda-2025,call,2023-08-05,How do I prioritize when everything feels urgent?,Sort by impact × effort; protect one deep block daily for the highest-leverage task.,,"sat,goals",W006 Transcript,2025-09-29T23:45:04.749935+00:00
S-JTBD-W006-REVIEW-0002,JTBD-W006-REVIEW,huda-2025,call,2023-08-05,I keep slipping on follow-through.,Use a 24h rebook rule and end-of-day 5‑minute checkpoint—no zero days.,,"sat,goals",W006 Transcript,2025-09-29T23:45:04.749945+00:00
S-JTBD-W008-NCWIT-STORY-0001,JTBD-W008-NCWIT-STORY,huda-2025,call,2023-08-08,How do I prioritize when everything feels urgent?,Sort by impact × effort; protect one deep block daily for the highest-leverage task.,,"ncwit,story",W008 Transcript,2025-09-29T23:45:08.534970+00:00
S-JTBD-W008-NCWIT-STORY-0002,JTBD-W008-NCWIT-STORY,huda-2025,call,2023-08-08,I keep slipping on follow-through.,Use a 24h rebook rule and end-of-day 5‑minute checkpoint—no zero days.,,"ncwit,story",W008 Transcript,2025-09-29T23:45:08.534979+00:00
S-JTBD-W011-NCWIT-DEV-0001,JTBD-W011-NCWIT-DEV,huda-2025,call,2023-09-06,How do I prioritize when everything feels urgent?,Sort by impact × effort; protect one deep block daily for the highest-leverage task.,,"ncwit,execution",W011 Transcript,2025-09-29T23:45:10.791338+00:00
S-JTBD-W011-NCWIT-DEV-0002,JTBD-W011-NCWIT-DEV,huda-2025,call,2023-09-06,I keep slipping on follow-through.,Use a 24h rebook rule and end-of-day 5‑minute checkpoint—no zero days.,,"ncwit,execution",W011 Transcript,2025-09-29T23:45:10.791346+00:00
S-JTBD-W009-PROJMGT-0001,JTBD-W009-PROJMGT,huda-2025,call,2023-09-09,How do I prioritize when everything feels urgent?,Sort by impact × effort; protect one deep block daily for the highest-leverage task.,,"project,pm",W009 Transcript,2025-09-29T23:45:13.217122+00:00
S-JTBD-W009-PROJMGT-0002,JTBD-W009-PROJMGT,huda-2025,call,2023-09-09,I keep slipping on follow-through.,Use a 24h rebook rule and end-of-day 5‑minute checkpoint—no zero days.,,"project,pm",W009 Transcript,2025-09-29T23:45:13.217133+00:00
S-JTBD-W010-CRISIS-MIT-0001,JTBD-W010-CRISIS-MIT,huda-2025,call,2023-09-23,How do I prioritize when everything feels urgent?,Sort by impact × effort; protect one deep block daily for the highest-leverage task.,,"crisis,mit,ncwit",W010 Transcript,2025-09-29T23:45:15.727401+00:00
S-JTBD-W010-CRISIS-MIT-0002,JTBD-W010-CRISIS-MIT,huda-2025,call,2023-09-23,I keep slipping on follow-through.,Use a 24h rebook rule and end-of-day 5‑minute checkpoint—no zero days.,,"crisis,mit,ncwit",W010 Transcript,2025-09-29T23:45:15.727409+00:00
S-JTBD-EXEC-PART1-B2-0001,JTBD-EXEC-PART1-B2,huda-2025,call,2023-08-15,How do I prioritize when everything feels urgent?,Sort by impact × effort; protect one deep block daily for the highest-leverage task.,,"actions,tracking",Execution Doc Part 1 (slice B2),2025-09-29T23:45:17.945861+00:00
S-JTBD-EXEC-PART1-B2-0002,JTBD-EXEC-PART1-B2,huda-2025,call,2023-08-15,I keep slipping on follow-through.,Use a 24h rebook rule and end-of-day 5‑minute checkpoint—no zero days.,,"actions,tracking",Execution Doc Part 1 (slice B2),2025-09-29T23:45:17.945868+00:00
S-JTBD-IMSG-PART1-B2-0001,JTBD-IMSG-PART1-B2,huda-2025,imessage,2023-08-20,How do I prioritize when everything feels urgent?,Sort by impact × effort; protect one deep block daily for the highest-leverage task.,micro-template,"template,outreach",iMessage Part 1 (slice B2),2025-09-29T23:45:20.626881+00:00
S-JTBD-IMSG-PART1-B2-0002,JTBD-IMSG-PART1-B2,huda-2025,imessage,2023-08-20,I keep slipping on follow-through.,Use a 24h rebook rule and end-of-day 5‑minute checkpoint—no zero days.,nudge/constraint,"nudge,follow-up",iMessage Part 1 (slice B2),2025-09-29T23:45:20.626890+00:00
S-JTBD-W013-MATH-INTENSIVE-0001,JTBD-W013-MATH-INTENSIVE,huda-2025,call,2023-10-01,How do I fix recurring algebra mistakes that keep coming back?,"Name the pattern and tag it in your mistake log. For 7 days, start with a 5‑minute ‘pattern warmup’ before any new set.",pattern-tagging + warmup rehearsal,"algebra,mistake-log,warmup",W013 Transcript,2025-09-30T00:37:27.776314+00:00
S-JTBD-W013-MATH-INTENSIVE-0002,JTBD-W013-MATH-INTENSIVE,huda-2025,call,2023-10-01,Should I prioritize volume or analysis?,Quality > quantity. One fully analyzed set beats two rushed ones. Always write the ‘why’ for each miss.,quality-first reps + why-log,"analysis,quality",W013 Transcript,2025-09-30T00:37:27.776324+00:00
S-JTBD-W013-MATH-INTENSIVE-0003,JTBD-W013-MATH-INTENSIVE,huda-2025,call,2023-10-01,What should a daily plan look like?,30m focused set → 10m post‑mortem → 10m targeted re‑drill. Never end on a miss.,focused set with post‑mortem + re-drill,"routine,math",W013 Transcript,2025-09-30T00:37:27.776332+00:00
S-JTBD-W014-CRISIS-NCWIT-0001,JTBD-W014-CRISIS-NCWIT,huda-2025,call,2023-10-13,I’m overwhelmed—how do I not lose all momentum?,"Shrink the loop: two 25‑minute blocks/day. Pick the smallest next proof you can ship—one paragraph, one clip, one email.",micro‑blocks + proof‑not‑prose,"momentum,micro",W014 Transcript,2025-09-30T00:37:31.953871+00:00
S-JTBD-W014-CRISIS-NCWIT-0002,JTBD-W014-CRISIS-NCWIT,huda-2025,call,2023-10-13,How do I reference the crisis without centering it?,Keep the focus on what you built for others and the choices you made. One concrete scene beats generalities.,scene‑first reframing,"essay,scene",W014 Transcript,2025-09-30T00:37:31.953879+00:00
S-JTBD-W015-SAT-CRISIS-0001,JTBD-W015-SAT-CRISIS,huda-2025,call,2023-10-23,The score drop is demotivating—what now?,"It’s an x‑ray, not a verdict. Extract the top 3 error families and design a 7‑day ‘fix sprint’.",x‑ray diagnostic + fix sprint,"mindset,plan",W015 Transcript,2025-09-30T00:37:34.434615+00:00
S-JTBD-W015-SAT-CRISIS-0002,JTBD-W015-SAT-CRISIS,huda-2025,call,2023-10-23,Where do I fit NCWIT work?,Attach 25m NCWIT ‘scene craft’ block after your math set while focus is high.,adjacent micro‑block,"stacking,essay",W015 Transcript,2025-09-30T00:37:34.434623+00:00
S-JTBD-W016-READING-DEEPDIVE-0001,JTBD-W016-READING-DEEPDIVE,huda-2025,call,2023-10-15,I second-guess a lot on reading. How do I stop?,"No evidence, no change. If you switch answers, you must paste the quote that forced the switch.",evidence gate for switching,"discipline,reading",W016 Transcript,2025-09-30T00:37:36.767938+00:00
S-JTBD-W016-READING-DEEPDIVE-0002,JTBD-W016-READING-DEEPDIVE,huda-2025,call,2023-10-15,What’s the best way to annotate quickly?,Use minimal marks: line refs + claim arrows + elimination ticks. No paragraphs of notes.,constraint‑driven annotation,"annotation,speed",W016 Transcript,2025-09-30T00:37:36.767945+00:00
S-JTBD-W017-PSAT-ANALYSIS-0001,JTBD-W017-PSAT-ANALYSIS,huda-2025,call,2023-11-06,How do I convert these subscores into a plan?,"Each subscore creates a drill queue. Start with 10 reps/topic for 3 days, track deltas in your mistake log.",queue‑based drilling + delta tracking,"psat,math",W017 Transcript,2025-09-30T00:37:39.326436+00:00
S-JTBD-W017-PSAT-ANALYSIS-0002,JTBD-W017-PSAT-ANALYSIS,huda-2025,call,2023-11-06,How often should I full‑test?,Mini‑tests every 10 days; full test every 3 weeks. Always do a 30‑minute post‑mortem.,staggered assessments + post‑mortems,"cadence,assessment",W017 Transcript,2025-09-30T00:37:39.326444+00:00
S-JTBD-EXEC-PART1-B3-0001,JTBD-EXEC-PART1-B3,huda-2025,doc,2023-10-05,What qualifies as a demo?,"Anything externally viewable in 1–2 minutes: clip, post, draft, or README update.",proof‑not‑prose demoing,"demo,artifact",Execution Doc Part 1 (slice B3),2025-09-30T00:37:42.109896+00:00
S-JTBD-EXEC-PART1-B3-0002,JTBD-EXEC-PART1-B3,huda-2025,doc,2023-10-20,How do I log actions cleanly?,Use ‘who/what/when/status/proof link’. Close the loop with a short note on impact.,tight action schema,"register,logging",Execution Doc Part 1 (slice B3),2025-09-30T00:37:42.109907+00:00
S-JTBD-IMSG-PART1-B3-0001,JTBD-IMSG-PART1-B3,huda-2025,imessage,2023-10-02,Can you sanity‑check this email to a math teacher?,Use the 3‑line ask: context → specific ask → two time options. Paste your draft here.,micro‑template with options,"email,teacher",iMessage Part 1 (slice B3),2025-09-30T00:37:44.512076+00:00
S-JTBD-IMSG-PART1-B3-0002,JTBD-IMSG-PART1-B3,huda-2025,imessage,2023-10-16,Missed my morning block.,Rebook within 24h. Take a 10‑minute pattern warmup from your mistake log first.,24h rebook + warmup,"rebook,warmup",iMessage Part 1 (slice B3),2025-09-30T00:37:44.512086+00:00
S-JTBD-IMSG-PART1-B3-0003,JTBD-IMSG-PART1-B3,huda-2025,imessage,2023-11-05,Stuck choosing a NCWIT scene detail.,"Pick the smallest moment you can show. If it can’t be pictured in 2 lines, it’s too big.",scene constraint prompt,"ncwit,scene",iMessage Part 1 (slice B3),2025-09-30T00:37:44.512093+00:00
S-JTBD-W018-RESET-0001,JTBD-W018-RESET,huda-2025,call,2023-11-16,How do I keep moving without burning out during this crisis?,Cut scope to the bone: school + SAT vitals + one EC you love. Everything else pauses for two weeks.,scope freeze + minimum viable cadence,"burnout-avoidance,scope-freeze",W018 Transcript,2025-09-30T01:01:45.284460+00:00
S-JTBD-W018-RESET-0002,JTBD-W018-RESET,huda-2025,call,2023-11-16,How should I talk about this in apps?,"Name the constraint, show the adjustment you made, and point to the signal that still shipped.",challenge→adjustment→signal narrative,narrative,W018 Transcript,2025-09-30T01:01:45.284469+00:00
S-JTBD-W019-MATH-DEPTH-0001,JTBD-W019-MATH-DEPTH,huda-2025,call,2023-11-09,I keep missing linear equation items—what’s the fix?,"Build a mini‑drill set: 20 curated Qs with an error taxonomy; after each Q, write the miscue rule in your own words.",error taxonomy + micro-drill,"taxonomy,metacog",W019 Transcript,2025-09-30T01:01:48.518586+00:00
S-JTBD-W019-MATH-DEPTH-0002,JTBD-W019-MATH-DEPTH,huda-2025,call,2023-11-09,Which scholarships should I prioritize?,Filter by mission fit and proof you can show now. Pick 2 where your current artifacts speak loudest.,proof-first filtering,"scholarship,prioritization",W019 Transcript,2025-09-30T01:01:48.518594+00:00
S-JTBD-W020-BOA-KICKOFF-0001,JTBD-W020-BOA-KICKOFF,huda-2025,call,2023-11-10,What should my angle be for BoA?,Lead with ‘build for others’: specific moments from Empowering AI magazine and mentorship; show before→after impact.,scene-first impact storytelling,"story,impact",W020 Transcript,2025-09-30T01:01:50.921132+00:00
S-JTBD-W021-BOA-REFINE-0001,JTBD-W021-BOA-REFINE,huda-2025,call,2023-12-10,How do I juggle finals with apps?,"Use a low‑variance template: morning SAT 50–70m, school blocks, 1 BoA micro‑edit nightly.",capacity-first scheduling,"scheduling,finals",W021 Transcript,2025-09-30T01:01:53.347488+00:00
S-JTBD-W022-BOA-POLISH-0001,JTBD-W022-BOA-POLISH,huda-2025,call,2023-12-11,What does ‘proof‑over‑prose’ look like here?,"Link artifacts: published pieces, demo clip, and one teacher quote—each beats extra adjectives.",artifact-first polish,"artifact,polish",W022 Transcript,2025-09-30T01:01:55.804978+00:00
S-JTBD-W023-APUSH-BOA-0001,JTBD-W023-APUSH-BOA,huda-2025,call,2023-12-17,What’s left before BoA submission?,"Final proofread, link check, recommender pings, and a 30‑second spoken read for flow.",submission checklist,"submission,checklist",W023 Transcript,2025-09-30T01:01:58.162238+00:00
S-JTBD-EXEC-B4-0001,JTBD-EXEC-B4,huda-2025,doc,2023-12-01,—,Converted 17 loose notes into action items with owners and due dates.,actionization,ops,Execution Doc Part 1+2 (slice B4),2025-09-30T01:02:00.483206+00:00
S-JTBD-IMSG-B4-0001,JTBD-IMSG-B4,huda-2025,imessage,2023-12-02,Can you tweak this email to my recommender?,"Here’s a 5‑sentence template with deadline, link, and a gratitude line.",micro‑template,"email,recommenders",iMessage Part 1+2 (slice B4),2025-09-30T01:02:02.882196+00:00
S-JTBD-IMSG-B4-0002,JTBD-IMSG-B4,huda-2025,imessage,2023-12-15,Final polish for this BoA paragraph?,"Cut filler, add one metric, end with action you took. New version attached.",tightening,"polish,metrics",iMessage Part 1+2 (slice B4),2025-09-30T01:02:02.882210+00:00
S-JTBD-W024-COLLEGE-STRAT-0001,JTBD-W024-COLLEGE-STRAT,huda-2025,call,2024-01-06,How do I choose between CS and journalism programs?,Optimize for signal density: CS+media labs or journalism + data/AI tracks. Prefer programs offering both studio and reporting opportunities.,two-axis fit matrix (program signal × platform to ship),"program-fit,ship-platform",W024 Transcript (Part 2),2025-09-30T01:54:18.979609+00:00
S-JTBD-W024-COLLEGE-STRAT-0002,JTBD-W024-COLLEGE-STRAT,huda-2025,call,2024-01-06,What’s a realistic shortlist size now?,"Keep 8–10 with distribution: 3 reach, 4 target, 2 safety; each must have a shipping venue.",portfolio distribution guardrails,"shortlist,guardrails",W024 Transcript (Part 2),2025-09-30T01:54:18.979619+00:00
S-JTBD-W0245-COLLEGE-REFINE-0001,JTBD-W0245-COLLEGE-REFINE,huda-2025,call,2024-01-07,What goes into a strong program-signal check?,"Look for student-run studios, research assistant slots, and publication footprints; note how freshmen can access them.",signal triage checklist,"signals,access",W024.5 Transcript,2025-09-30T01:54:21.620763+00:00
S-JTBD-W025-BOA-APP-0001,JTBD-W025-BOA-APP,huda-2025,call,2024-01-09,Which stories best show leadership?,Pick two: EmpowAI launch and community teaching; quantify beneficiaries and repeatable systems you built.,scene+metric pairing,"leadership,metrics",W025 Transcript,2025-09-30T01:54:24.055098+00:00
S-JTBD-W025-BOA-APP-0002,JTBD-W025-BOA-APP,huda-2025,call,2024-01-09,How to avoid resume-dumping?,Anchor each answer in one scene → one decision → one result; then add one sentence of reflection.,one-scene spine,show-dont-tell,W025 Transcript,2025-09-30T01:54:24.055110+00:00
S-JTBD-W026-NCWIT-POST-SR-0001,JTBD-W026-NCWIT-POST-SR,huda-2025,call,2024-01-13,How do I turn NCWIT into sustained momentum?,"Announce once, then ship two proof assets in 2 weeks: a talk deck and a mentorship sign‑up form.",announce→proof in 14d,"momentum,proof",W026 Transcript,2025-09-30T01:54:26.877944+00:00
S-JTBD-W027-ND-LEADERSHIP-0001,JTBD-W027-ND-LEADERSHIP,huda-2025,call,2024-01-16,Which track fits my profile?,Pick media & social impact; it lets you show EmpowAI + mentorship in one arc.,track-to-arc mapping,fit,W027 Transcript,2025-09-30T01:54:29.332631+00:00
S-JTBD-W028-ND-FINAL-0001,JTBD-W028-ND-FINAL,huda-2025,call,2024-01-20,What last-mile cuts should I make?,Remove generic claims; add a 1‑line metric under each scene and link one public artifact per answer.,last‑mile tighten,"proof,tighten",W028 Transcript,2025-09-30T01:54:31.564018+00:00
S-JTBD-W030-FOLKLIFT-PLAT-0001,JTBD-W030-FOLKLIFT-PLAT,huda-2025,call,2024-01-30,How do I keep progress visible across apps?,Weekly one-pager status with traffic‑light flags; every app gets a 90‑sec demo clip.,status one-pager + demo cadence,"visibility,cadence",W030 Transcript,2025-09-30T01:54:33.859763+00:00
S-JTBD-EXEC-PART1-B5-0001,JTBD-EXEC-PART1-B5,huda-2025,doc,2024-01-15,What is my next most important task today?,Ship a 90‑sec demo for EmpowAI; then 25‑min SAT reading drill with error taxonomy.,two-step priority,"demo,SAT",Execution Doc Part 1 (slice B5),2025-09-30T01:54:36.191964+00:00
S-JTBD-EXEC-PART1-B5-0002,JTBD-EXEC-PART1-B5,huda-2025,doc,2024-01-22,Can you recap lingering items?,"BoA edit pass, ND polish, mentorship page live; each has owner/due noted.",roll‑up recap,"recap,owners",Execution Doc Part 1 (slice B5),2025-09-30T01:54:36.191976+00:00
S-JTBD-IMSG-PART1-B5-0001,JTBD-IMSG-PART1-B5,huda-2025,imessage,2024-01-10,Can you give me a note to invite the library?,Try: 'Hi [Name] — I’m a student who runs a teen AI magazine. Could we host a 30‑min intro session? Two date options: [x]/[y].',short outreach template,"outreach,template",iMessage Part 1 (slice B5),2025-09-30T01:54:38.473785+00:00
S-JTBD-IMSG-PART1-B5-0002,JTBD-IMSG-PART1-B5,huda-2025,imessage,2024-01-18,Remind me how to link proof in ND answer?,One line under the scene with a public link (post or clip). Keep it 8–12 words.,proof‑link micro‑rule,"proof,link",iMessage Part 1 (slice B5),2025-09-30T01:54:38.473795+00:00
S-JTBD-W031-JCAMP-REL-0001,JTBD-W031-JCAMP-REL,huda-2025,call,2024-02-28,What will make my JCamp app stand out?,Lead with a unique beat you’ve actually covered. Link 1–2 published pieces or interview clips—proof over claims.,Proof-first positioning,"proof-not-prose,positioning",W031 Transcript,2025-09-30T02:13:16.553409+00:00
S-JTBD-W031-JCAMP-REL-0002,JTBD-W031-JCAMP-REL,huda-2025,call,2024-02-28,How do I find and approach mentors?,Create a 3-tier mentor map (local journalists → alumni → AAJA community). Send a 3-sentence ask with two specific next steps.,Tiered mentor map + concise ask,"mentor-map,outreach-template",W031 Transcript,2025-09-30T02:13:16.553418+00:00
S-JTBD-W031-JCAMP-REL-0003,JTBD-W031-JCAMP-REL,huda-2025,call,2024-02-28,What cadence keeps momentum without spamming?,"Two touches a week, each with a new micro-proof—one short clip or paragraph write‑up you can show.",Cadence with artifact per touch,"cadence,artifact",W031 Transcript,2025-09-30T02:13:16.553425+00:00
S-JTBD-W031-JCAMP-REL-0004,JTBD-W031-JCAMP-REL,huda-2025,call,2024-02-28,How do I track this?,"Start a mini-CRM: name, handle, last touch, next step, artifact link. Review every Sunday night.",Lightweight CRM,"tracking,crm",W031 Transcript,2025-09-30T02:13:16.553434+00:00
S-JTBD-W032-CMU-ESSAY-0001,JTBD-W032-CMU-ESSAY,huda-2025,call,2024-02-03,My draft sounds generic—how do I make it pop?,Pick one hallway‑moment and zoom in on 8–10 vivid beats. Cut every sentence that doesn’t move the scene.,Scene compression + ruthless cutting,"show-don’t-tell,cut-20%",W032 Transcript,2025-09-30T02:13:19.001427+00:00
S-JTBD-W032-CMU-ESSAY-0002,JTBD-W032-CMU-ESSAY,huda-2025,call,2024-02-03,How do I fit my impact in 300 words?,"Use a 3–2–1 structure: 3 lines of setup, 2 of conflict, 1 of impact with a link to proof.",3‑2‑1 micro-structure,"structure,brevity",W032 Transcript,2025-09-30T02:13:19.001436+00:00
S-JTBD-W032-CMU-ESSAY-0003,JTBD-W032-CMU-ESSAY,huda-2025,call,2024-02-03,What’s a good final line?,"Return to the opening image with a twist—same scene, new agency.",Circular ending,"ending,voice",W032 Transcript,2025-09-30T02:13:19.001442+00:00
S-JTBD-W033-CMU-NCWIT-BAY-0001,JTBD-W033-CMU-NCWIT-BAY,huda-2025,call,2024-02-10,Which edits matter most for CMU?,Replace abstractions with 2 concrete micro‑wins and cut transition fluff.,Evidence swap + cut filler,"refine,evidence",W033 Transcript,2025-09-30T02:13:21.260750+00:00
S-JTBD-W033-CMU-NCWIT-BAY-0002,JTBD-W033-CMU-NCWIT-BAY,huda-2025,call,2024-02-10,How to choose the NCWIT clip?,Pick clips where your decisions changed an outcome—before/after screenshots are gold.,Outcome‑focused selection,"clip-selection,before-after",W033 Transcript,2025-09-30T02:13:21.260759+00:00
S-JTBD-W034-CMU-FINAL-NLEAD-0001,JTBD-W034-CMU-FINAL-NLEAD,huda-2025,call,2024-02-21,Any final line‑level tips?,Read aloud and delete every sentence that trips your breath. Prefer verbs over nouns.,Out‑loud pass + verb bias,"line-edit,style",W034 Transcript,2025-09-30T02:13:23.646925+00:00
S-JTBD-W034-CMU-FINAL-NLEAD-0002,JTBD-W034-CMU-FINAL-NLEAD,huda-2025,call,2024-02-21,How to show leadership without titles?,Show decisions you made and who benefitted; include one metric or testimonial.,Decision + beneficiary + metric,"leadership,evidence",W034 Transcript,2025-09-30T02:13:23.646934+00:00
S-JTBD-W035-INIT-UPDATES-0001,JTBD-W035-INIT-UPDATES,huda-2025,call,2024-02-26,How do I publicize without sounding braggy?,Share a beneficiary story + one metric; invite others to participate.,Service‑first announcement,"publicity,tone",W035 Transcript,2025-09-30T02:13:26.022787+00:00
S-JTBD-W035-INIT-UPDATES-0002,JTBD-W035-INIT-UPDATES,huda-2025,call,2024-02-26,Where do I start with a budget?,"List top 5 costs, estimate ranges, and mark one ‘nice‑to‑have’ to cut if needed.",Lean micro‑budget,"finance,prioritization",W035 Transcript,2025-09-30T02:13:26.022800+00:00
S-JTBD-EXEC-PART1-B6-0001,JTBD-EXEC-PART1-B6,huda-2025,doc,2024-02-28,How do we keep tasks from drifting?,"No task without a demo. If no artifact link by due, auto‑reschedule with scope cut.",Artifact‑gated tasks,"anti-drift,artifact",Execution Doc Part 1 (slice B6),2025-09-30T02:13:28.348371+00:00
S-JTBD-EXEC-PART2-B6-0001,JTBD-EXEC-PART2-B6,huda-2025,doc,2024-03-01,Which tasks carry over?,Only those with known blockers; everything else must down‑scope or close.,Carryover with blocker proof,"blockers,scope",Execution Doc Part 2 (slice B6),2025-09-30T02:13:30.681952+00:00
S-JTBD-IMSG-PART1-B6-0001,JTBD-IMSG-PART1-B6,huda-2025,imessage,2023-08-02,First week of school—what do I do to stand out?,"Speak once in every class, greet teachers after, book a counselor meeting this week.",First-week activation checklist,"school,activation",iMessage Part 1 (slice B6),2025-09-30T02:13:33.099342+00:00
S-JTBD-IMSG-PART1-B6-0002,JTBD-IMSG-PART1-B6,huda-2025,imessage,2023-08-15,Should I pitch woman‑owned businesses for my project?,Find 5 to start—enough to begin learning; adjust after first responses.,Minimum viable outreach list,"outreach,MVP",iMessage Part 1 (slice B6),2025-09-30T02:13:33.099355+00:00
S-JTBD-IMSG-PART2-B6-0001,JTBD-IMSG-PART2-B6,huda-2025,imessage,2024-03-01,My teacher hasn’t submitted a rec—deadline tonight!,PDF the app and email admissions; send teacher a final nudge now.,Parallel‑path submission + nudge,"crisis,lor",iMessage Part 2 (slice B6),2025-09-30T02:13:35.574598+00:00
S-JTBD-IMSG-PART2-B6-0002,JTBD-IMSG-PART2-B6,huda-2025,imessage,2024-03-03,How should I thank my counselor properly?,Start with gratitude and specifics; remove apologies that imply guilt you don’t need to carry.,Reframe gratitude email,"gratitude,email",iMessage Part 2 (slice B6),2025-09-30T02:13:35.574606+00:00
S-JTBD-W036-TEACHER-CRISIS-0001,JTBD-W036-TEACHER-CRISIS,huda-2025,call,2024-03-02,How do I repair a strained teacher relationship before rec letters are due?,"Acknowledge the miss, make a specific amends, and offer concrete help that saves them time next week.",apology-then-value micro-plan,"relationship-repair,lor",W036 Transcript,2025-09-30T02:33:24.375483+00:00
S-JTBD-W036-TEACHER-CRISIS-0002,JTBD-W036-TEACHER-CRISIS,huda-2025,call,2024-03-02,What if they don't respond?,Escalate to a short in-person check-in; bring a 2‑line update and a simple 10‑minute help offer.,laddered escalation,follow-through,W036 Transcript,2025-09-30T02:33:24.375491+00:00
S-JTBD-W036-TEACHER-CRISIS-0003,JTBD-W036-TEACHER-CRISIS,huda-2025,call,2024-03-02,How do I ask for the letter after repairing?,Ask only after two positive micro‑touches; include a draft brag sheet + deadlines and your theme.,two-proof request,"lor,ask",W036 Transcript,2025-09-30T02:33:24.375499+00:00
S-JTBD-W037-RELATIONS-REAGAN-0001,JTBD-W037-RELATIONS-REAGAN,huda-2025,call,2024-03-05,What should my Reagan Award angle be?,Anchor on service-through-media: how you amplified voices and built tools for peers.,angle selection,"story,service",W037 Transcript,2025-09-30T02:33:26.763434+00:00
S-JTBD-W037-RELATIONS-REAGAN-0002,JTBD-W037-RELATIONS-REAGAN,huda-2025,call,2024-03-05,How do I avoid seeming self-promotional?,Use third‑party artifacts and quotes; foreground outcomes for others over your effort.,proof-not-prose,"tone,evidence",W037 Transcript,2025-09-30T02:33:26.763445+00:00
S-JTBD-W038-ESSAY-SPRINT-0001,JTBD-W038-ESSAY-SPRINT,huda-2025,call,2024-03-10,How do I make my essays specific and alive?,Build a scene bank: tiny moments with sensory detail; then map each scene to a claim.,scene-first drafting,"scenes,specificity",W038 Transcript,2025-09-30T02:33:29.080527+00:00
S-JTBD-W038-ESSAY-SPRINT-0002,JTBD-W038-ESSAY-SPRINT,huda-2025,call,2024-03-10,How many revision passes?,"Three: structure, clarity, and voice. Stop after pass 3 and ship.",timeboxed passes,"shipping,quality",W038 Transcript,2025-09-30T02:33:29.080535+00:00
S-JTBD-W039-COMMONAPP-PLANNING-0001,JTBD-W039-COMMONAPP-PLANNING,huda-2025,call,2024-03-20,Which 10 activities should I pick?,Prioritize impact and recency; keep one slot for engineering proof and one for service media.,slot prioritization,"activities,impact",W039 Transcript,2025-09-30T02:33:31.486439+00:00
S-JTBD-W039-COMMONAPP-PLANNING-0002,JTBD-W039-COMMONAPP-PLANNING,huda-2025,call,2024-03-20,How do I route recommenders?,"Match each recommender to a different competency: technical, leadership, character.",competency mapping,"lor,routing",W039 Transcript,2025-09-30T02:33:31.486459+00:00
S-JTBD-W040-SPRINGBREAK-PIPELINE-0001,JTBD-W040-SPRINGBREAK-PIPELINE,huda-2025,call,2024-03-15,Which awards should I prioritize?,"One national, one regional, and one school‑level to diversify signal and timing.",portfolio diversification,"awards,timing",W040 Transcript,2025-09-30T02:33:33.870008+00:00
S-JTBD-W040-SPRINGBREAK-PIPELINE-0002,JTBD-W040-SPRINGBREAK-PIPELINE,huda-2025,call,2024-03-15,What artifacts do I need?,"Short demo video, README, and 3rd‑party testimonial. Keep it lean but verifiable.",proof kit,"artifacting,proof",W040 Transcript,2025-09-30T02:33:33.870021+00:00
S-JTBD-EXEC-PART1-B7-0001,JTBD-EXEC-PART1-B7,huda-2025,exec_doc,2024-03-06,What are my top 3 priorities this week?,"(1) Teacher check‑ins ×2, (2) Reagan artifact draft, (3) Scene bank +2.",3-priority focus,prioritization,Execution Doc Part 1 & 2 (slice B7),2025-09-30T02:33:36.156894+00:00
S-JTBD-EXEC-PART1-B7-0002,JTBD-EXEC-PART1-B7,huda-2025,exec_doc,2024-03-12,How do we show progress in the register?,Use status chips: planned → in‑progress → proof‑linked; add the link or it doesn’t count.,status with proof,"tracking,proof",Execution Doc Part 1 & 2 (slice B7),2025-09-30T02:33:36.156902+00:00
S-JTBD-IMSG-PART1-3-B7-0001,JTBD-IMSG-PART1-3-B7,huda-2025,imessage,2024-03-03,Can you draft a friendly check‑in for my teacher?,"Here’s a 2‑line text: (1) quick progress note, (2) an offer to help with a task this week.",micro-template,"teacher,check-in",iMessage Parts 1–3 (slice B7),2025-09-30T02:33:38.520983+00:00
S-JTBD-IMSG-PART1-3-B7-0002,JTBD-IMSG-PART1-3-B7,huda-2025,imessage,2024-03-08,I’m nervous about asking for feedback on my scene bank.,Ask for 1 scene only; control scope so you can act in 24h. Here’s a one‑liner request.,scope control + template,"feedback,scenes",iMessage Parts 1–3 (slice B7),2025-09-30T02:33:38.520995+00:00
S-JTBD-IMSG-PART1-3-B7-0003,JTBD-IMSG-PART1-3-B7,huda-2025,imessage,2024-03-14,What’s a quick Reagan artifact I can ship?,"Record a 60‑second voiceover of your impact, overlay screenshots; done is better than perfect.",ship small,"artifact,video",iMessage Parts 1–3 (slice B7),2025-09-30T02:33:38.521006+00:00
S-JTBD-W041-CAMERON-SYNTHORIA-0001,JTBD-W041-CAMERON-SYNTHORIA,huda-2025,call,2024-04-05,How do I make the Cameron essay not generic?,"Anchor on a before→after service moment you led; quantify the change, then name the next step you’d take with their platform.",before-after framing + future-casting,"essay,quantify,service",W041 Transcript,2025-09-30T03:55:35.992314+00:00
S-JTBD-W041-CAMERON-SYNTHORIA-0002,JTBD-W041-CAMERON-SYNTHORIA,huda-2025,call,2024-04-05,How many anecdotes do I need?,"Two deep scenes beat four shallow ones—pick one leadership, one impact.",scene selection rubric,"depth-over-breadth,scenes",W041 Transcript,2025-09-30T03:55:35.992323+00:00
S-JTBD-W041-CAMERON-SYNTHORIA-0003,JTBD-W041-CAMERON-SYNTHORIA,huda-2025,call,2024-04-05,Tie in Synthoria or skip?,Tie it in only if it advances the service arc—1 sentence linking audience reach to lived impact.,relevance filter,"scope,signal",W041 Transcript,2025-09-30T03:55:35.992330+00:00
S-JTBD-W042-JCAMP-LEVERAGE-0001,JTBD-W042-JCAMP-LEVERAGE,huda-2025,call,2024-04-11,How do I translate acceptance into real outcomes?,"Book three mentor 1:1s, pitch one piece per week, and publish a 4‑item portfolio recap at month end.",momentum stack,"mentor,pitching,portfolio",W042 Transcript,2025-09-30T03:55:38.579462+00:00
S-JTBD-W042-JCAMP-LEVERAGE-0002,JTBD-W042-JCAMP-LEVERAGE,huda-2025,call,2024-04-11,What’s a good first pitch template?,"Subject: Student reporter pitching on [beat]. Body: 3‑line hook, 2 receipts, 1 ask for guidance.",micro-template,"template,journalism",W042 Transcript,2025-09-30T03:55:38.579469+00:00
S-JTBD-W042-JCAMP-LEVERAGE-0003,JTBD-W042-JCAMP-LEVERAGE,huda-2025,call,2024-04-11,Should I update LinkedIn?,Yes—ship a tight acceptance post with one line on what you’ll build for others this summer.,public commitment,"signal,leverage",W042 Transcript,2025-09-30T03:55:38.579476+00:00
S-JTBD-W043-BREAKTHRU-TOOLKIT-0001,JTBD-W043-BREAKTHRU-TOOLKIT,huda-2025,call,2024-04-14,What problem should I choose for Breakthrough?,"Pick one you already touch weekly. Smaller pain, faster proof—choose one metric you can move in 2 weeks.",problem selection rubric,"scope,metric",W043 Transcript,2025-09-30T03:55:41.429095+00:00
S-JTBD-W043-BREAKTHRU-TOOLKIT-0002,JTBD-W043-BREAKTHRU-TOOLKIT,huda-2025,call,2024-04-14,How do I package the toolkit?,Publish a README + 60‑sec demo + one‑pager; distribute to 5 users and ask for a before/after screenshot.,proof-not-prose,"demo,readme,one-pager",W043 Transcript,2025-09-30T03:55:41.429103+00:00
S-JTBD-W043-BREAKTHRU-TOOLKIT-0003,JTBD-W043-BREAKTHRU-TOOLKIT,huda-2025,call,2024-04-14,How many iterations before submission?,"Two iterations minimum: ship v0.1 in 3 days, v0.2 next week based on user feedback.",rapid iteration,"cadence,feedback",W043 Transcript,2025-09-30T03:55:41.429110+00:00
S-JTBD-W044-SAT-VICTORY-0001,JTBD-W044-SAT-VICTORY,huda-2025,call,2024-04-17,What do I do after SAT success?,Bank the win; move 6 hours/week to flagship build + essay pipeline; keep a 1‑hour maintenance block.,capacity reallocation,"bandwidth,portfolio",W044 Transcript,2025-09-30T03:55:44.291496+00:00
S-JTBD-W044-SAT-VICTORY-0002,JTBD-W044-SAT-VICTORY,huda-2025,call,2024-04-17,How do I preserve gains?,Run one quality SAT set biweekly with post‑mortem; stop chasing vanity volume.,maintenance protocol,"maintenance,quality",W044 Transcript,2025-09-30T03:55:44.291504+00:00
S-JTBD-W044-SAT-VICTORY-0003,JTBD-W044-SAT-VICTORY,huda-2025,call,2024-04-17,How to communicate the win?,Post a grounded update with one lesson learned and one way you’ll serve others next.,public narrative,"signal,service",W044 Transcript,2025-09-30T03:55:44.291510+00:00
S-JTBD-W045-SUMMER-ARCH-10SPOT-0001,JTBD-W045-SUMMER-ARCH-10SPOT,huda-2025,call,2024-05-14,How do I avoid overloading summer?,Set a WIP limit of 2 build streams + 1 service stream; ship weekly demos on Fridays.,WIP limit + demo cadence,"wip,demo,service",W045 Transcript,2025-09-30T03:55:46.532986+00:00
S-JTBD-W045-SUMMER-ARCH-10SPOT-0002,JTBD-W045-SUMMER-ARCH-10SPOT,huda-2025,call,2024-05-14,What’s a good 10‑spot selection rule?,"Pick 6 reach, 3 match, 1 safe—all must boost narrative or receipts.",portfolio‑fit filter,"reach/match/safe,narrative-fit",W045 Transcript,2025-09-30T03:55:46.532997+00:00
S-JTBD-W045-SUMMER-ARCH-10SPOT-0003,JTBD-W045-SUMMER-ARCH-10SPOT,huda-2025,call,2024-05-14,How do I track this cleanly?,"Use a single register: owner, due, evidence link, and one‑line outcome each week.",execution hygiene,"register,evidence",W045 Transcript,2025-09-30T03:55:46.533007+00:00
S-JTBD-EXEC-PART1-B8-0001,JTBD-EXEC-PART1-B8,huda-2025,doc,2024-04-12,What gets marked ‘done’ vs ‘shipped’?,‘Shipped’ means a user can touch it (demo link). ‘Done’ without proof is not shipped.,proof definition,"proof-not-prose,definition",Execution Doc Part 1 (slice B8),2025-09-30T03:55:48.984716+00:00
S-JTBD-EXEC-PART1-B8-0002,JTBD-EXEC-PART1-B8,huda-2025,doc,2024-05-10,How to handle carries?,"Auto‑rebook once; if carried twice, either cut scope or kill it.",carry policy,"scope,kill-switch",Execution Doc Part 1 (slice B8),2025-09-30T03:55:48.984723+00:00
S-JTBD-IMSG-PART-B8-0001,JTBD-IMSG-PART-B8,huda-2025,imessage,2024-04-08,Can you give me a quick check‑in script for a mentor?,"3‑liner: gratitude, one update, one tight ask with two times.",micro‑template,"mentor,script",iMessage (slices near Apr–May ’24),2025-09-30T03:55:51.450819+00:00
S-JTBD-IMSG-PART-B8-0002,JTBD-IMSG-PART-B8,huda-2025,imessage,2024-04-19,I’m stuck starting the outline.,Open with the concrete scene we discussed. Set a 20‑minute timer; send me a photo of the first paragraph.,activation nudge,"outline,nudge,timer",iMessage (slices near Apr–May ’24),2025-09-30T03:55:51.450827+00:00
S-JTBD-IMSG-PART-B8-0003,JTBD-IMSG-PART-B8,huda-2025,imessage,2024-05-07,Should I announce SAT now?,"Yes—one‑paragraph post, 1 lesson, 1 thank‑you, and 1 next build step.",public update coaching,"sat,announcement",iMessage (slices near Apr–May ’24),2025-09-30T03:55:51.450834+00:00
S-JTBD-W046-G4C-PR-0001,JTBD-W046-G4C-PR,huda-2025,call,2024-05-03,How do I turn this finalist result into something colleges care about?,"Ship a 60–90s gameplay reel, a 3‑line impact blurb, and get one short testimonial. Then pin these on your site and link from Common App.",proof-over-prose; short reel + impact blurb + testimonial,"proof-not-prose,portfolio,press",W046 Transcript,2025-09-30T05:03:42.725928+00:00
S-JTBD-W046-G4C-PR-0002,JTBD-W046-G4C-PR,huda-2025,call,2024-05-03,Who should I ask for the testimonial?,Pick someone who saw your work evolve — a mentor or judge — and prompt them with 2 bullets you want emphasized.,guided-recommendation prompt,"recs,prompting",W046 Transcript,2025-09-30T05:03:42.725938+00:00
S-JTBD-W046-G4C-PR-0003,JTBD-W046-G4C-PR,huda-2025,call,2024-05-03,Where do we announce?,"Start with school newsletter, then local paper. Share a prewritten blurb + link to reel to make it easy.",frictionless outreach template,"media,templates",W046 Transcript,2025-09-30T05:03:42.725945+00:00
S-JTBD-W047-KICKOFF-0001,JTBD-W047-KICKOFF,huda-2025,call,2024-06-02,"I’m torn between AI, design, and journalism — what major do I pick?",Choose a major label that can house all three: HCI/Computational Media. Then show AI+story+design in your proofs.,umbrella-major framing,"framing,major",W047 Transcript,2025-09-30T05:03:45.771208+00:00
S-JTBD-W047-KICKOFF-0002,JTBD-W047-KICKOFF,huda-2025,call,2024-06-02,How big should my list be?,"Aim ~12: 4 reach, 6 fit, 2 safety. Each needs one unique line of evidence attached.",T‑shaped portfolio mapping,"list-size,evidence",W047 Transcript,2025-09-30T05:03:45.771219+00:00
S-JTBD-W047-KICKOFF-0003,JTBD-W047-KICKOFF,huda-2025,call,2024-06-02,What evidence counts?,"Specific, verifiable outputs: videos, articles, shipped features, or external recognition — not intentions.",proof rubric,proof-not-prose,W047 Transcript,2025-09-30T05:03:45.771228+00:00
S-JTBD-W048-MKT-SCALE-0001,JTBD-W048-MKT-SCALE,huda-2025,call,2024-06-06,I can’t keep up with posting and managing people.,Cut scope: 2 posts/week from a monthly theme. Give teammates single‑lane roles with checklists.,scope cut + single‑lane roles,"ops,cadence",W048 Transcript,2025-09-30T05:03:48.561771+00:00
S-JTBD-W048-MKT-SCALE-0002,JTBD-W048-MKT-SCALE,huda-2025,call,2024-06-06,Which metrics matter?,Only track what changes behavior: responses and bookings. Views are lagging context.,metric triage,metrics,W048 Transcript,2025-09-30T05:03:48.561778+00:00
S-JTBD-W048-MKT-SCALE-0003,JTBD-W048-MKT-SCALE,huda-2025,call,2024-06-06,How do I avoid rewriting every caption?,"Make a 5‑prompt caption kit; swap nouns, keep verbs. Done > perfect.",template kit,templates,W048 Transcript,2025-09-30T05:03:48.561785+00:00
S-JTBD-W049-UC-MAJOR-MAP-0001,JTBD-W049-UC-MAJOR-MAP,huda-2025,call,2024-06-08,Which UC majors make sense for my portfolio?,"Prioritize DMA, CogSci, and Data Science; each ties directly to AI+story+design outputs you can prove.",evidence‑aligned mapping,"major,mapping",W049 Transcript,2025-09-30T05:03:51.306350+00:00
S-JTBD-W049-UC-MAJOR-MAP-0002,JTBD-W049-UC-MAJOR-MAP,huda-2025,call,2024-06-08,How do we pick scholarships?,"Filter for alignment and deadlines you can actually hit. If there’s no artifact tie‑in, skip.",alignment filter,"scholarship,filter",W049 Transcript,2025-09-30T05:03:51.306357+00:00
S-JTBD-W050-USC-PIVOT-0001,JTBD-W050-USC-PIVOT,huda-2025,call,2024-06-12,"After USC, should I tweak my major targets?",Yes — bump schools that mirror IYA‑style blends. Make your essays show cross‑discipline shipping.,post‑visit reprioritization,"visit,reprioritize",W050 Transcript,2025-09-30T05:03:54.166665+00:00
S-JTBD-W050-USC-PIVOT-0002,JTBD-W050-USC-PIVOT,huda-2025,call,2024-06-12,How do I show the blend concretely?,Include one cross‑discipline mini‑demo in your portfolio and cite it in the 'why us'.,demo citation,"portfolio,why-us",W050 Transcript,2025-09-30T05:03:54.166673+00:00
S-JTBD-EXEC-PART2-B9-0001,JTBD-EXEC-PART2-B9,huda-2025,doc,2024-05-05,Add PR rollout tasks for G4C.,"Added reel, blurb, testimonial, and 2‑step outreach with due dates.",task unbundling,"PR,tasks",Execution Doc Part 2 (slice B9),2025-09-30T05:03:56.683938+00:00
S-JTBD-EXEC-PART2-B9-0002,JTBD-EXEC-PART2-B9,huda-2025,doc,2024-06-03,Track evidence per school.,Matrix column inserted; blanks flagged with ⚠.,evidence matrix,"matrix,evidence",Execution Doc Part 2 (slice B9),2025-09-30T05:03:56.683950+00:00
S-JTBD-IMSG-PART1-3-B9-0001,JTBD-IMSG-PART1-3-B9,huda-2025,imessage,2024-05-06,Can you send a quick outreach for the school newsletter editor?,Here’s a 3‑line pitch plus the reel link — copy/paste and send today.,micro‑template,"PR,template",iMessage Parts 1–3 (slice B9),2025-09-30T05:03:59.389439+00:00
S-JTBD-IMSG-PART1-3-B9-0002,JTBD-IMSG-PART1-3-B9,huda-2025,imessage,2024-06-01,Stuck writing the evidence line for UCLA.,Use 'shipped X → impact Y' format; link the most verifiable artifact.,evidence phrasing,"proof,phrasing",iMessage Parts 1–3 (slice B9),2025-09-30T05:03:59.389452+00:00
S-JTBD-W051-REC-STRAT-0001,JTBD-W051-REC-STRAT,huda-2025,call,2024-06-14,Who should I ask for letters and what should I give them?,"Pick two teachers who saw growth + one activity mentor. Give a one‑pager: bullets of impact, your hook, and concrete proofs.",recommender‑fit + proof packet,"recs,proofs",W051 Transcript,2025-09-30T05:22:13.503182+00:00
S-JTBD-W051-REC-STRAT-0002,JTBD-W051-REC-STRAT,huda-2025,call,2024-06-14,How do I stay on their radar without being annoying?,"Do light touches every 3–4 weeks: a mini update, a thank‑you, or a link to your latest artifact.",relationship‑maintenance cadence,"cadence,light-touch",W051 Transcript,2025-09-30T05:22:13.503192+00:00
S-JTBD-W052-TIMELINE-ARCH-0001,JTBD-W052-TIMELINE-ARCH,huda-2025,call,2024-06-18,"How do I avoid last‑minute chaos across essays, recs, and admin?","Split into lanes with weekly DRI check‑ins; ship small artifacts weekly (clips, bullets, outlines).",workstreaming + ship‑small,"lanes,ship-small",W052 Transcript,2025-09-30T05:22:18.122844+00:00
S-JTBD-W052-TIMELINE-ARCH-0002,JTBD-W052-TIMELINE-ARCH,huda-2025,call,2024-06-18,Where do freelance projects fit?,Treat them as optional electives that cannot steal Friday/Sunday app blocks.,capacity guardrails,"capacity,guardrails",W052 Transcript,2025-09-30T05:22:18.122855+00:00
S-JTBD-W053-AWARDS-CRISIS-0001,JTBD-W053-AWARDS-CRISIS,huda-2025,call,2024-06-21,My awards are slipping—what should I drop?,Keep 1–2 high‑signal awards; pause the rest; route internship outputs into short posts to keep momentum visible.,focus pruning + visible proofs,"focus,proofs",W053 Transcript,2025-09-30T05:22:20.678641+00:00
S-JTBD-W054-TEENVOGUE-PITCH-0001,JTBD-W054-TEENVOGUE-PITCH,huda-2025,call,2024-06-24,When should I open hackathon signups if sponsors lag?,Ship the site by end of week; prizes can be modest; optimize for runway to recruit.,ship‑now runway,"shipping,recruiting",W054 Transcript,2025-09-30T05:22:23.144867+00:00
S-JTBD-W054-TEENVOGUE-PITCH-0002,JTBD-W054-TEENVOGUE-PITCH,huda-2025,call,2024-06-24,How do I get judges and workshops?,"Leverage prior CMU contact, Women‑in‑Games Discord, and partner nonprofits; track in a simple outreach pipeline.",network taps + pipeline,"judges,workshops,pipeline",W054 Transcript,2025-09-30T05:22:23.144880+00:00
S-JTBD-W054-TEENVOGUE-PITCH-0003,JTBD-W054-TEENVOGUE-PITCH,huda-2025,call,2024-06-24,How to grow Folklift writers?,"Onboard a VP, run a weekly writer outreach sprint, and publish two interview posts as magnets.",growth sprint,"folklift,recruiting",W054 Transcript,2025-09-30T05:22:23.144890+00:00
S-JTBD-W055-HACK-SPONSOR-0001,JTBD-W055-HACK-SPONSOR,huda-2025,call,2024-06-27,How did you get big sponsors?,"Short, respectful cold email with clear ask, who you serve, and optional panel invite. Keep follow‑ups concise.",tight cold‑outreach,"sponsorship,cold-email",W055 Transcript,2025-09-30T05:22:25.902971+00:00
S-JTBD-W055-HACK-SPONSOR-0002,JTBD-W055-HACK-SPONSOR,huda-2025,call,2024-06-27,How to run marketing while I’m at JCamp?,Delegate a lightweight content calendar and pre‑schedule posts; keep one daily check for urgent replies.,pre‑schedule + DRI,"delegation,calendar",W055 Transcript,2025-09-30T05:22:25.902979+00:00
S-JTBD-EXEC-B10-W051-LOR-0001,JTBD-EXEC-B10-W051-LOR,huda-2025,call,2024-06-14,"Which two teachers should I pick, and what do they need from me?",Choose Chem + English for complementary signal; send each a 1‑pager fact sheet + bullets of impact by tonight; confirm receipt on Monday.,Recommender-mapping + fact-sheet kit,"l,o,r,,,k,i,t,,,f,o,l,l,o,w,-,u,p",Execution Doc (Part 2 slice),2025-09-30T05:29:21.566959+00:00
S-JTBD-EXEC-B10-W051-LOR-0002,JTBD-EXEC-B10-W051-LOR,huda-2025,doc,2024-06-15,Added LOR tracker—what columns?,Add: Owner | School | Status | Last ping | Next ping | Notes | Attachment link.,Tracker design,"t,r,a,c,k,e,r,,,l,o,r",Execution Doc (Part 2 slice),2025-09-30T05:29:21.566969+00:00
S-JTBD-EXEC-B10-W052-TIMELINE-0001,JTBD-EXEC-B10-W052-TIMELINE,huda-2025,call,2024-06-18,How do I avoid bunching everything late August?,"Front-load ideation + data collection; every 1–2 weeks ship a proof: a clip, a draft, or a form checkpoint.",Ship-small cadence,"c,a,d,e,n,c,e,,,p,r,o,o,f,-,n,o,t,-,p,r,o,s,e",Execution Doc (Part 2 slice),2025-09-30T05:29:21.938873+00:00
S-JTBD-EXEC-B10-W052-TIMELINE-0002,JTBD-EXEC-B10-W052-TIMELINE,huda-2025,doc,2024-06-18,What are this week’s 3 shippables?,1) Brag sheet v1; 2) USC 150‑word seed; 3) UC activities bullet tightening (3 entries).,Task triage,"t,r,i,a,g,e,,,e,s,s,a,y,s,,,a,c,t,i,v,i,t,i,e,s",Execution Doc (Part 2 slice),2025-09-30T05:29:21.938883+00:00
S-JTBD-EXEC-B10-W053-AWARDS-0001,JTBD-EXEC-B10-W053-AWARDS,huda-2025,call,2024-06-21,Which awards are worth the push?,Keep Tier‑1 only if it strengthens your major narrative; kill anything off‑theme.,Tiering + pruning,"t,i,e,r,i,n,g,,,f,o,c,u,s",Execution Doc (Part 2 slice),2025-09-30T05:29:22.305469+00:00
S-JTBD-EXEC-B10-W054-PITCH-0001,JTBD-EXEC-B10-W054-PITCH,huda-2025,doc,2024-06-24,Is this pitch too fluffy?,Lead with the sharpest data point; end with a concrete ask and two time windows.,Pitch surgery,"l,e,a,d,-,w,i,t,h,-,d,a,t,a,,,c,t,a",Execution Doc (Part 2 slice),2025-09-30T05:29:22.885509+00:00
S-JTBD-EXEC-B10-W055-SPONSOR-0001,JTBD-EXEC-B10-W055-SPONSOR,huda-2025,call,2024-06-27,What should the sponsorship deck include?,"1‑pager: problem, audience, expected impressions, sample assets, simple ask tiers.",Sponsor deck recipe,"d,e,c,k,,,t,i,e,r,s",Execution Doc (Part 2 slice),2025-09-30T05:29:24.149450+00:00
S-JTBD-IMSG-B10-MICRO-0001,JTBD-IMSG-B10-MICRO,huda-2025,imessage,2024-06-15,Can you give me a concise LOR reminder text?,Try: “Hi Mr. X—friendly nudge on my rec. Due July 10. Happy to resend my fact sheet. Thank you!”,Micro-template,"l,o,r,,,t,e,m,p,l,a,t,e",iMessage Parts (B10 slice),2025-09-30T05:29:26.754678+00:00
S-JTBD-IMSG-B10-MICRO-0002,JTBD-IMSG-B10-MICRO,huda-2025,imessage,2024-06-24,Is this Teen Vogue pitch opener strong enough?,Lead with the 1 line stat you told me yesterday—then your ‘why now’.,Pitch sharpening,"l,e,a,d,-,w,i,t,h,-,s,t,a,t",iMessage Parts (B10 slice),2025-09-30T05:29:26.754704+00:00
S-JTBD-IMSG-B10-MICRO-0003,JTBD-IMSG-B10-MICRO,huda-2025,imessage,2024-06-27,What subject line for sponsor outreach?,“Local student team—sponsorship tiers + 10k impressions (1‑pager)”,Subject-line recipe,"s,p,o,n,s,o,r,s,h,i,p,,,e,m,a,i,l",iMessage Parts (B10 slice),2025-09-30T05:29:26.754712+00:00
S-JTBD-W060-BRANDING-PRELAUNCH-0001,JTBD-W060-BRANDING-PRELAUNCH,huda-2025,call,2024-07-07,Hosting/domain choices?,Buy yourname.com on Namecheap; ship v0 on Netlify/Vercel; add /projects and /about first.,minimum viable site,"hosting,MVP",Weekly Planning + Personal Brand Development,2025-09-30T05:58:00.679898+00:00
S-JTBD-W060-BRANDING-PRELAUNCH-0002,JTBD-W060-BRANDING-PRELAUNCH,huda-2025,call,2024-07-07,How fast to start client work?,Book 3 interviews this week; record raw B-roll; edit a 45–60s vertical first.,fast-first deliverable,"client,video",Weekly Planning + Personal Brand Development,2025-09-30T05:58:00.679907+00:00
S-JTBD-W060-BRANDING-PRELAUNCH-0003,JTBD-W060-BRANDING-PRELAUNCH,huda-2025,call,2024-07-07,Backend later?,Yes—start static; add backend after two shipped case studies.,defer backend,scoping,Weekly Planning + Personal Brand Development,2025-09-30T05:58:00.679914+00:00
S-JTBD-EXEC-PART-SUMMER24-B11-0001,JTBD-EXEC-PART-SUMMER24-B11,huda-2025,doc,2024-07-01,Can you recap my open items?,"You owe: client outreach #1–#3, essay scene cards x2, site v0 sections. All have owners/due.",register recap,"recap,owners,due",Execution Doc (summer ’24 slice),2025-09-30T05:58:03.338068+00:00
S-JTBD-EXEC-PART-SUMMER24-B11-0002,JTBD-EXEC-PART-SUMMER24-B11,huda-2025,doc,2024-07-15,What’s a good demo for next week?,One 45s vertical video + a single-page site deployed. Submit links in register.,demo definition,"demo,artifact",Execution Doc (summer ’24 slice),2025-09-30T05:58:03.338075+00:00
S-JTBD-IMSG-SUMMER24-B11-0001,JTBD-IMSG-SUMMER24-B11,huda-2025,imessage,2024-07-03,Can you give me a quick outreach text for the shop owner?,Two-line template: ‘Loved your booth… I make 45-sec stories… Can we record Tue 4pm or Thu 6pm?’,two-choice nudge,"template,outreach",iMessage Part 1–2 (summer ’24 slice),2025-09-30T05:58:05.906171+00:00
S-JTBD-IMSG-SUMMER24-B11-0002,JTBD-IMSG-SUMMER24-B11,huda-2025,imessage,2024-07-09,Stuck on the last line—help?,Swap abstract pride for a concrete action you took—that’s your last image.,ending swap,"essay,edit",iMessage Part 1–2 (summer ’24 slice),2025-09-30T05:58:05.906178+00:00
S-JTBD-IMSG-SUMMER24-B11-0003,JTBD-IMSG-SUMMER24-B11,huda-2025,imessage,2024-07-18,Reminder for scene cards?,Ping—two cards due tonight. DM when posted.,deadline nudge,accountability,iMessage Part 1–2 (summer ’24 slice),2025-09-30T05:58:05.906187+00:00
S-JTBD-W056-PRE-LONDON-0001,JTBD-W056-PRE-LONDON,huda-2025,call,2024-06-29,How do I turn the JCamp trip into real opportunities?,"Pre-book 3 conversations: 1 reporter, 1 editor, 1 mentor. Send a 4-line intro with 2 specific asks and a proof link.",two-ask outreach + proof link,"outreach,mentor",Pre-London Strategic Outreach & Platform Distribution,2025-09-30T06:00:50.577867+00:00
S-JTBD-W056-PRE-LONDON-0002,JTBD-W056-PRE-LONDON,huda-2025,call,2024-06-29,What should I publish while I’m away?,Schedule 3 ‘postcards’—10–20s clips with a single takeaway; one per 3–4 days. Cross-post to X/IG/YouTube Shorts.,cadenced micro-publishing,"distribution,shorts",Pre-London Strategic Outreach & Platform Distribution,2025-09-30T06:00:50.577876+00:00
S-JTBD-W056-PRE-LONDON-0003,JTBD-W056-PRE-LONDON,huda-2025,call,2024-06-29,How to avoid spamming?,"Rotate channels and vary intent: 1 spotlight, 1 curiosity thread, 1 gratitude post. Keep each under 120 words.",channel rotation + intent mix,"platform,copy",Pre-London Strategic Outreach & Platform Distribution,2025-09-30T06:00:50.577884+00:00
S-JTBD-W056-PRE-LONDON-0004,JTBD-W056-PRE-LONDON,huda-2025,call,2024-06-29,What if no one replies?,"Follow up in 3 business days with a single new proof—draft paragraph, 30s clip, or artifact screenshot.",proof-first follow-up,follow-up,Pre-London Strategic Outreach & Platform Distribution,2025-09-30T06:00:50.577891+00:00
S-JTBD-W057-ESSAY-SYSTEM-0001,JTBD-W057-ESSAY-SYSTEM,huda-2025,call,2024-07-24,How do I keep my voice while tightening the draft?,"Lock a one-line thesis, then trim any sentence that doesn’t advance it or a scene beat. Replace abstractions with sensory verbs.",thesis guardrail + sensory verbs,"voice,editing",Essay Work Session,2025-09-30T06:00:53.075216+00:00
S-JTBD-W057-ESSAY-SYSTEM-0002,JTBD-W057-ESSAY-SYSTEM,huda-2025,call,2024-07-24,What’s a good scene card?,"Time+place, 1 action, 1 obstacle, 1 shift. If you can’t name the shift, it’s not a scene.",scene card template,"scenes,craft",Essay Work Session,2025-09-30T06:00:53.075223+00:00
S-JTBD-W057-ESSAY-SYSTEM-0003,JTBD-W057-ESSAY-SYSTEM,huda-2025,call,2024-07-24,I’m over the 650 cap.,"Cut preambles; start late, end early. Move context into 3-5 word “hinge” phrases.",late-start/early-exit,tightening,Essay Work Session,2025-09-30T06:00:53.075230+00:00
S-JTBD-W058-SENIOR-STRAT-0001,JTBD-W058-SENIOR-STRAT,huda-2025,call,2024-07-27,Which ECs should I down-select?,Protect 2 streams: Flagship (EmpowAI) + Supporting (JenZ Media). Everything else must serve these.,dual-track focus,"focus,EC",Senior Strategy + Essay Pivot,2025-09-30T06:00:55.623462+00:00
S-JTBD-W058-SENIOR-STRAT-0002,JTBD-W058-SENIOR-STRAT,huda-2025,call,2024-07-27,How do I guide my recommenders?,Send a one-pager: 3 traits + 3 receipts + 3 prompts. Offer a 10-minute call.,recommender brief,"letters,brief",Senior Strategy + Essay Pivot,2025-09-30T06:00:55.623470+00:00
S-JTBD-W058-SENIOR-STRAT-0003,JTBD-W058-SENIOR-STRAT,huda-2025,call,2024-07-27,How do I align my essay pivot?,"Reframe from guilt → stewardship: designing for safety, belonging, and joy in games.",reframe,"essay,narrative",Senior Strategy + Essay Pivot,2025-09-30T06:00:55.623476+00:00
S-JTBD-W059-GAMING-IDENTITY-ESSAY-0001,JTBD-W059-GAMING-IDENTITY-ESSAY,huda-2025,call,2024-07-31,How do I convey the final takeaway better?,Name the trait you’re proving (resilience/leadership). End on a concrete re-entry action in games or community.,named trait + re-entry beat,"ending,craft",Common App Essay—From Gaming Guilt to Pride,2025-09-30T06:00:58.091817+00:00
S-JTBD-W059-GAMING-IDENTITY-ESSAY-0002,JTBD-W059-GAMING-IDENTITY-ESSAY,huda-2025,call,2024-07-31,Medium vs Docs for drafting?,Use whatever keeps you writing; export to Docs for feedback cycles and versioning.,tooling pragmatism,process,Common App Essay—From Gaming Guilt to Pride,2025-09-30T06:00:58.091823+00:00
S-JTBD-W059-GAMING-IDENTITY-ESSAY-0003,JTBD-W059-GAMING-IDENTITY-ESSAY,huda-2025,call,2024-07-31,How to structure the middle?,Two beats: masking in voice chat → reclaiming voice with a small proof. Bridge with one hinge sentence.,two-beat middle,structure,Common App Essay—From Gaming Guilt to Pride,2025-09-30T06:00:58.091829+00:00
S-JTBD-W061-EMPOWHER-0001,JTBD-W061-EMPOWHER,huda-2025,call,2024-07-15,How do I convert this hackathon win into app-ready signal?,Publish a concise devlog + 90-sec demo clip; excerpt for LinkedIn/Twitter with 1 proof tile.,proof-not-prose tiles,"artifact,signal",W061 Transcript,2025-09-30T06:32:11.267969+00:00
S-JTBD-W061-EMPOWHER-0002,JTBD-W061-EMPOWHER,huda-2025,call,2024-07-15,What should I follow up with London contacts about?,Send gratitude notes + one ask: feedback on a specific artifact or a 15-min coffee.,single-ask outreach,"outreach,network",W061 Transcript,2025-09-30T06:32:11.267978+00:00
S-JTBD-W062-JCAMP-ID-0001,JTBD-W062-JCAMP-ID,huda-2025,call,2024-08-21,How do I avoid sounding generic across apps?,"Fix a 5-word brand spine and reuse in headers, bios, and essay topic sentences.",brand spine,"consistency,editing",W062 Transcript,2025-09-30T06:32:13.874454+00:00
S-JTBD-W063-RECS-ESSAY-0001,JTBD-W063-RECS-ESSAY,huda-2025,call,2024-08-23,What do I send my recommenders?,"A one-pager: 3 proofs, 3 traits, bullets on impact; include deadlines + links.",recommender one-pager,"ops,recs",W063 Transcript,2025-09-30T06:32:16.394404+00:00
S-JTBD-W063-RECS-ESSAY-0002,JTBD-W063-RECS-ESSAY,huda-2025,call,2024-08-23,How to deepen scenes in essays?,"Shift from claims to beats: time, place, action, a tiny obstacle, and outcome.",scene beats,"essay,craft",W063 Transcript,2025-09-30T06:32:16.394416+00:00
S-JTBD-W065-ED-PIVOT-0001,JTBD-W065-ED-PIVOT,huda-2025,call,2024-09-02,Should I apply QuestBridge or go normal?,Go normal apps; strengthen external scholarships; QuestBridge fit looks marginal for you.,fit-first decisioning,"financial_aid,strategy",W065 Transcript,2025-09-30T06:32:18.800399+00:00
S-JTBD-W065-ED-PIVOT-0002,JTBD-W065-ED-PIVOT,huda-2025,call,2024-09-02,How to approach Disney Dreamers prompts?,Draft in beats: moment → shift → impact; attach 60-90s proof reel.,beats + proof reel,"programs,artifact",W065 Transcript,2025-09-30T06:32:18.800409+00:00
S-JTBD-W066-PEACHFUZZ-0001,JTBD-W066-PEACHFUZZ,huda-2025,call,2024-09-09,Is my peach-fuzz hook too confusing?,Dial down personification; reveal the peach by paragraph 2; keep scene beats tight.,clarity-first hook edit,"essay,editing",W066 Transcript,2025-09-30T06:32:21.515771+00:00
S-JTBD-W066-PEACHFUZZ-0002,JTBD-W066-PEACHFUZZ,huda-2025,call,2024-09-09,Do English + CS LORs cover me?,Yes—humanities + STEM pairing; prime each with a one-pager.,LOR pairing + priming,"LORs,ops",W066 Transcript,2025-09-30T06:32:21.515779+00:00
S-JTBD-EXEC-B12-0001,JTBD-EXEC-B12,huda-2025,doc,2024-08-01,What is due before next call?,Ship 90-sec demo + one recommender packet + PS hook revision.,three-thing rule,"ops,focus",Execution Docs (Parts 1–2 slices),2025-09-30T06:32:26.096097+00:00
S-JTBD-IMSG-B12-0001,JTBD-IMSG-B12,huda-2025,imessage,2024-08-06,Quick note for CS teacher LOR ask?,3-sentence ask: appreciation → specific impact → two time options.,micro-template,"LORs,template",iMessage (Parts 1–2 slices),2025-09-30T06:32:28.676293+00:00
S-JTBD-IMSG-B12-0002,JTBD-IMSG-B12,huda-2025,imessage,2024-08-20,Demo caption help?,One-liner: problem → what you built → who benefited.,caption scaffold,"artifact,signal",iMessage (Parts 1–2 slices),2025-09-30T06:32:28.676300+00:00
S-JTBD-W068-MAJOR-GAMING-PIVOT-0001,JTBD-W068-MAJOR-GAMING-PIVOT,huda-2025,call,2024-09-30,How do I connect my gaming passion to my academic major?,Map the systems thinking from gaming to CS and AI—show continuity from play to problem-solving.,systems-mapping,"commonapp,gaming,major",W068 Transcript,2025-09-30T07:13:29.594972+00:00
S-JTBD-W069-USC-ESSAYS-STRATEGY-0001,JTBD-W069-USC-ESSAYS-STRATEGY,huda-2025,call,2024-10-02,How should I position myself in USC essays?,Balance AI innovation with journalism leadership—signal interdisciplinary strength USC values.,interdisciplinary positioning,"usc,essays,ai,journalism",W069 Transcript,2025-09-30T07:13:32.652342+00:00
S-JTBD-W070-UC-CONSOLIDATION-0001,JTBD-W070-UC-CONSOLIDATION,huda-2025,call,2024-10-05,How do I finalize UC essays with so many drafts?,Look for overlapping motifs—choose 4 essays that ladder up to leadership + resilience.,motif-consolidation,"uc,essays",W070 Transcript,2025-09-30T07:13:35.172057+00:00
S-JTBD-W071-STANFORD-SUPPLEMENTS-0001,JTBD-W071-STANFORD-SUPPLEMENTS,huda-2025,call,2024-10-06,How do I refine Stanford supplements to stand out?,"Ship proof artifacts—demo clips, published work, and concise scenes matter more than adjectives.",proof-over-prose,"stanford,supplements",W071 Transcript,2025-09-30T07:13:38.063797+00:00
S-JTBD-IMSG-PART1-3-B13-0001,JTBD-IMSG-PART1-3-B13,huda-2025,imessage,2024-09-20,Can you help me send my draft to peer reviewer?,Here’s a 2-sentence nudge: ask for 24h turnaround and thank them in advance.,micro-template,"imessage,draft,review",iMessage Docs (Part1-3),2025-09-30T07:13:43.796728+00:00
S-JTBD-W072-STANFORD-REFINE-0001,JTBD-W072-STANFORD-REFINE,huda-2025,call,2024-10-06,How do I incorporate my parent’s comments without losing my voice?,Keep your spine: one lived scene per claim. Accept edits that sharpen details; reject swaps that change tone.,voice-protection + scene-per-claim,"tone,scenes",W072 Transcript,2025-09-30T07:33:54.404187+00:00
S-JTBD-W072-STANFORD-REFINE-0002,JTBD-W072-STANFORD-REFINE,huda-2025,call,2024-10-06,Which paragraph is flabby now?,"The generalization block—convert to a 3-sentence scene: place, action, micro-outcome.",flab → micro-scene rewrite,"rewrite,tighten",W072 Transcript,2025-09-30T07:33:54.404199+00:00
S-JTBD-W073-CA-FINAL-0001,JTBD-W073-CA-FINAL,huda-2025,call,2024-10-07,Is adversity clear or tropey?,It’s clear—anchor it in one moment and what changed after. Keep only one ‘lesson learned’.,singular-adversity + after-change,"anti-trope,focus",W073 Transcript,2025-09-30T07:33:57.616386+00:00
S-JTBD-W073-CA-FINAL-0002,JTBD-W073-CA-FINAL,huda-2025,call,2024-10-07,Any last trims?,Nuke throat-clearing openers; keep verbs muscular; swap abstractions for one image.,line-edit policy,"line-edit,economy",W073 Transcript,2025-09-30T07:33:57.616397+00:00
S-JTBD-W074-UNC-REFINE-0001,JTBD-W074-UNC-REFINE,huda-2025,call,2024-10-09,Do UNC short prompts repeat CA?,"Echo is fine—duplication isn’t. Shift angle: same value, different proof.",non-duplication framing,"angle,evidence",W074 Transcript,2025-09-30T07:34:01.386492+00:00
S-JTBD-W075-CA-FINAL-PARENT-AI-0001,JTBD-W075-CA-FINAL-PARENT-AI,huda-2025,call,2024-10-12,Dad suggests more personalization and one concrete challenge—how to add without bloat?,"Insert a 2–3 sentence scene (place, sight, feeling) that triggers your shift; trim a generalization elsewhere.",scene-swap for generalization,"personalize,trim",W075 Transcript,2025-09-30T07:34:05.457962+00:00
S-JTBD-W075-CA-FINAL-PARENT-AI-0002,JTBD-W075-CA-FINAL-PARENT-AI,huda-2025,call,2024-10-12,Is diversity point ‘too general’?,Tie it to the bazaar character and Synthoria’s protagonists with names—converts claim → proof.,claim→proof linkage,"representation,proof",W075 Transcript,2025-09-30T07:34:05.457970+00:00
S-JTBD-W077-USC-SHORTS-0001,JTBD-W077-USC-SHORTS,huda-2025,call,2024-10-15,"Are ‘Try-fueled gamer, epistemophilic, polymath’ too much?",Keep the long word—it signals how you think; pair with one playful identity to balance tone.,contrast-high/low diction,"voice,tone",W077 Transcript,2025-09-30T07:34:08.855902+00:00
S-JTBD-W077-USC-SHORTS-0002,JTBD-W077-USC-SHORTS,huda-2025,call,2024-10-15,Ralph Breaks the Internet analogy feels clunky.,"Anchor why you ‘break code’: experimentation → debugging; keep the visual, trim the fluff.",analogy → intention + verbing,"analogy,debugging",W077 Transcript,2025-09-30T07:34:08.855910+00:00
S-JTBD-EXEC-PART2-B14-0001,JTBD-EXEC-PART2-B14,huda-2025,call,2024-10-06,I’m losing track of evidence links across essays.,Add a 4-column table: Prompt | Proof artifact | Link | Status. Ten-minute hygiene daily—fill one gap.,evidence-hygiene routine,"links,table,hygiene",Execution Doc Part 2 (slice B14),2025-09-30T07:34:12.838941+00:00
S-JTBD-EXEC-PART2-B14-0002,JTBD-EXEC-PART2-B14,huda-2025,call,2024-10-07,Recommenders haven’t answered; what do I send?,3-liner follow-up: gratitude → specific ask → two times + file link. Time-box to 24h rebump.,polite nudge + choice framing,"recommenders,template",Execution Doc Part 2 (slice B14),2025-09-30T07:34:12.838948+00:00
S-JTBD-EXEC-PART2-B14-0003,JTBD-EXEC-PART2-B14,huda-2025,call,2024-10-09,Short answers keep drifting generic.,Use image→verb→why-now. Bank twelve 100–250c micro-snippets before final polish.,micro-formula scaffolding,"short-answers,bank",Execution Doc Part 2 (slice B14),2025-09-30T07:34:12.838955+00:00
S-JTBD-EXEC-PART2-B14-0004,JTBD-EXEC-PART2-B14,huda-2025,call,2024-10-12,Version chaos between parent/AI edits and mine.,One source of truth: CA master doc + change-log. Freeze windows before cross-app propagation.,single-source + freeze window,"versioning,process",Execution Doc Part 2 (slice B14),2025-09-30T07:34:12.838961+00:00
S-JTBD-EXEC-PART2-B14-0005,JTBD-EXEC-PART2-B14,huda-2025,call,2024-10-15,Deadlines feel scattered across schools.,"R/A/G calendarization: Red ≤3 days, Amber ≤7, Green >7. Weekly: move Amber→Green first.",RAG scheduling,"deadlines,prioritization",Execution Doc Part 2 (slice B14),2025-09-30T07:34:12.838966+00:00
S-JTBD-EXEC-PART2-B14-0006,JTBD-EXEC-PART2-B14,huda-2025,call,2024-10-15,What are the two ships this week?,"1 draft→final + 1 proof artifact (clip, link, or screenshot). Choose smallest next proof.",ship-small rule,"shipping,proof",Execution Doc Part 2 (slice B14),2025-09-30T07:34:12.838972+00:00
S-JTBD-IMSG-PART2-B14-0001,JTBD-IMSG-PART2-B14,huda-2025,imessage,2024-10-06,Can you draft a fast follow-up to Ms. K?,Here’s a 3-liner with two times + link to your CA master doc.,micro-template outreach,"recommenders,template",iMessage Part 2 (slice B14),2025-09-30T07:34:16.118250+00:00
S-JTBD-IMSG-PART2-B14-0002,JTBD-IMSG-PART2-B14,huda-2025,imessage,2024-10-07,I’m procrastinating the 100c USC answer.,Prompt: one image + one verb + ‘why now’. Reply with 3 variants; we’ll pick.,constraint-prompting,"short-answers,100c",iMessage Part 2 (slice B14),2025-09-30T07:34:16.118257+00:00
S-JTBD-IMSG-PART2-B14-0003,JTBD-IMSG-PART2-B14,huda-2025,imessage,2024-10-09,Where do I put the Synthoria clip proof?,Add to Evidence table → USC Q2 row; paste the YouTube link + 1-line caption.,proof-not-prose,"evidence,links",iMessage Part 2 (slice B14),2025-09-30T07:34:16.118264+00:00
S-JTBD-IMSG-PART2-B14-0004,JTBD-IMSG-PART2-B14,huda-2025,imessage,2024-10-12,Need a push to start edits.,Press START: 50-min focus sprint. Send me ‘✅’ when you paste the first revised paragraph.,focus-sprint nudge,"activation,pomodoro",iMessage Part 2 (slice B14),2025-09-30T07:34:16.118269+00:00
S-JTBD-IMSG-PART2-B14-0005,JTBD-IMSG-PART2-B14,huda-2025,imessage,2024-10-13,Teacher is delayed—what’s a polite ask?,Subject: ‘Quick check-in’ + 2 choices next week; thank + attach doc for ease.,polite delay request,"recommenders,grace",iMessage Part 2 (slice B14),2025-09-30T07:34:16.118275+00:00
S-JTBD-IMSG-PART2-B14-0006,JTBD-IMSG-PART2-B14,huda-2025,imessage,2024-10-14,Is this line too abstract?,Swap the abstraction for a sensory detail (sound or texture). Paste revision.,line-level micro-edit,"line-edit,sensory",iMessage Part 2 (slice B14),2025-09-30T07:34:16.118281+00:00
S-JTBD-IMSG-PART2-B14-0007,JTBD-IMSG-PART2-B14,huda-2025,imessage,2024-10-15,What do I ship today?,One final draft + one proof link. Smallest next proof wins.,ship-small rule,"shipping,proof",iMessage Part 2 (slice B14),2025-09-30T07:34:16.118287+00:00
S-JTBD-W078-USC-DIFF-0001,JTBD-W078-USC-DIFF,huda-2025,call,2024-10-17,How do I stand out in USC short answers without repeating Common App?,"Anchor in one crisp scene per answer; link out to a tiny proof (demo clip, published post, or repo) rather than re-explaining.",proof-over-prose + scene-first,"usc,short-answers,proof-not-prose",W078 Transcript,2025-09-30T07:53:28.772747+00:00
S-JTBD-W078-USC-DIFF-0002,JTBD-W078-USC-DIFF,huda-2025,call,2024-10-17,What should I prioritize this week for USC?,Ship two micro-artifacts: (1) 60–90s Synthoria explainer clip; (2) EmpowAI editorial screenshot with byline. Both linkable from Activities.,micro-artifacting,"artifact,portfolio",W078 Transcript,2025-09-30T07:53:28.772757+00:00
S-JTBD-W079-REA-REVIEW-0001,JTBD-W079-REA-REVIEW,huda-2025,call,2024-10-22,Are any Stanford answers overlapping my PS?,"Trim repeated ‘why AI’ lines; keep one vivid moment, then pivot to impact. Save technical detail for Activities.",dedupe + scene-pivot,"voice,dedupe",W079 Transcript,2025-09-30T07:53:31.730489+00:00
S-JTBD-W079-REA-REVIEW-0002,JTBD-W079-REA-REVIEW,huda-2025,call,2024-10-22,What’s the last-mile checklist before REA submit?,"Typos, link sanity, activity order, and Additional Info brevity. No new ideas—only clarity and proof links.",preflight-checklist,"preflight,quality",W079 Transcript,2025-09-30T07:53:31.730497+00:00
S-JTBD-W080-REA-SUBMIT_USC-POLISH-0001,JTBD-W080-REA-SUBMIT_USC-POLISH,huda-2025,call,2024-10-27,Any final sanity checks before I press submit?,"Confirm Additional Info tone is factual, not persuasive; lock activity order; verify link privacy is public.",submission-sanity,"submit,links",W080 Transcript,2025-09-30T07:53:35.416787+00:00
S-JTBD-W080-REA-SUBMIT_USC-POLISH-0002,JTBD-W080-REA-SUBMIT_USC-POLISH,huda-2025,call,2024-10-27,USC last polish?,Replace generic ‘leadership’ with one concrete outcome and a ‘next 4 weeks’ plan.,outcome-swap + forward plan,"USC,specificity",W080 Transcript,2025-09-30T07:53:35.416799+00:00
S-JTBD-W081-UIUC-SCHOLARSHIPS-0001,JTBD-W081-UIUC-SCHOLARSHIPS,huda-2025,call,2024-10-29,Are my UIUC answers too data-heavy?,Keep the percentages—add one sentence tying to Synthoria impact for context; avoid repeating neural-net details from another prompt.,balance-metrics-with-scene,"UIUC,voice",W081 Transcript,2025-09-30T07:53:38.844176+00:00
S-JTBD-W081-UIUC-SCHOLARSHIPS-0002,JTBD-W081-UIUC-SCHOLARSHIPS,huda-2025,call,2024-10-29,How should I prioritize scholarships this week?,ELKS first; draft a 120–150w core story you can adapt. Create a 3-slot template: hook → impact proof → forward plan.,template-first + priority queue,"scholarship,template",W081 Transcript,2025-09-30T07:53:38.844183+00:00
S-JTBD-W082-CSS-FAID-0001,JTBD-W082-CSS-FAID,huda-2025,call,2024-11-11,What should I enter for current-year estimates and assets?,Report accurately and conservatively; confirm business losses with parent; use special-circumstances text to clarify drop from 2023.,accurate-reporting + context note,"CSS,reporting",W082 Transcript,2025-09-30T07:53:42.711656+00:00
S-JTBD-W082-CSS-FAID-0002,JTBD-W082-CSS-FAID,huda-2025,call,2024-11-11,"If aid is low after decisions, what then?",File an appeal with updated income evidence and context; many schools increase awards when circumstances change.,post-award appeal plan,"appeal,aid",W082 Transcript,2025-09-30T07:53:42.711668+00:00
S-JTBD-IMSG-B15-0001,JTBD-IMSG-B15,huda-2025,imessage,2024-10-18,Can you give me language to request a quick portfolio review?,Subject: 10-min feedback? Three lines: goal → link → two times; keep it skimmable.,micro-template,"outreach,template",iMessage Part 2/3 slices,2025-09-30T07:53:45.905129+00:00
S-JTBD-IMSG-B15-0002,JTBD-IMSG-B15,huda-2025,imessage,2024-11-10,Stuck starting ELKS write-up—what opener?,"Use the 150w core: 1-sentence hook, 2-line impact proof, 1-line forward plan. Then adapt per prompt.",core-to-variant,"ELKS,drafting",iMessage Part 2/3 slices,2025-09-30T07:53:45.905137+00:00
S-JTBD-IMSG-B15-0001,JTBD-IMSG-B15,huda-2025,imessage,2024-10-18,Can you give me language to request a quick portfolio review?,Subject: 10-min feedback? Three lines: goal → link → two times; keep it skimmable.,micro-template,"outreach,template",iMessage Part 2/3 slices,2025-09-30T07:53:49.590325+00:00
S-JTBD-IMSG-B15-0002,JTBD-IMSG-B15,huda-2025,imessage,2024-11-10,Stuck starting ELKS write-up—what opener?,"Use the 150w core: 1-sentence hook, 2-line impact proof, 1-line forward plan. Then adapt per prompt.",core-to-variant,"ELKS,drafting",iMessage Part 2/3 slices,2025-09-30T07:53:49.590332+00:00
S-JTBD-W083-UC-VOICE-0001,JTBD-W083-UC-VOICE,huda-2025,call,2024-11-16,How do I sound authentic but still ambitious in UC essays?,"Anchor in one specific scene per PIQ, then zoom to the larger why. Nostalgia = texture; futurism = direction.",scene→why ladder,"story,ladder",W083 Transcript,2025-09-30T08:13:25.305097+00:00
S-JTBD-W083-UC-VOICE-0002,JTBD-W083-UC-VOICE,huda-2025,call,2024-11-16,Is it okay to mention community constraints?,"Yes—name the constraint in one concrete beat, then pivot to the action you took and the evidence you shipped.",constraint→action→evidence,"evidence,cause-effect",W083 Transcript,2025-09-30T08:13:25.305106+00:00
S-JTBD-W084-UC-METAPHOR-0001,JTBD-W084-UC-METAPHOR,huda-2025,call,2024-11-20,How do I keep it vivid without sounding flowery?,Swap abstractions for objects you touched—what color was the pen? what you measured?,sensory concretization,"diction,sensory",W084 Transcript,2025-09-30T08:13:29.294925+00:00
S-JTBD-W085-UT-AUSTIN-MIT-BRIDGE-0001,JTBD-W085-UT-AUSTIN-MIT-BRIDGE,huda-2025,call,2024-11-21,Do I re-use the UT hook for MIT?,"Borrow the energy, not the prose. Keep MIT focused on unexpected build moments.",energy-port not text-port,"originality,transfer",W085 Transcript,2025-09-30T08:13:32.460112+00:00
S-JTBD-W086-MIT-UPENN-0001,JTBD-W086-MIT-UPENN,huda-2025,call,2024-11-27,How do I emphasize why my ‘unexpected’ is truly unexpected?,Name the default label people give you—then flip it with a build moment and measured stakes.,label→flip with evidence,"identity,stakes",W086 Transcript,2025-09-30T08:13:35.266284+00:00
S-JTBD-W086-MIT-UPENN-0002,JTBD-W086-MIT-UPENN,huda-2025,call,2024-11-27,Should I mention discrimination in voice chats?,One concrete instance in one line is enough—then pivot to what you built in response.,single-beat harm → agency pivot,"bias,agency",W086 Transcript,2025-09-30T08:13:35.266291+00:00
S-JTBD-W086-MIT-UPENN-0003,JTBD-W086-MIT-UPENN,huda-2025,call,2024-11-27,Do WASD references help specificity?,"Not by themselves—use personal objects (poster, keyboard color) the reader can see.",personal object anchoring,"specificity,scene",W086 Transcript,2025-09-30T08:13:35.266298+00:00
S-JTBD-W087-UC-REFINE-LIST-0001,JTBD-W087-UC-REFINE-LIST,huda-2025,call,2024-11-20,Is my ‘ethical AI’ paragraph too info-dump?,Tie it to one panel insight + one change you made—edit from claims to actions.,claim→panel insight→action,"ethical-ai,tightening",W087 Transcript,2025-09-30T08:13:38.313336+00:00
S-JTBD-W087-UC-REFINE-LIST-0002,JTBD-W087-UC-REFINE-LIST,huda-2025,call,2024-11-20,Should I keep the exact product count (‘12 cleansers’)?,Round or replace with a cleaner phrasing; keep the focus on the reasoning drive.,micro-trim for focus,"editing,focus",W087 Transcript,2025-09-30T08:13:38.313344+00:00
S-JTBD-EXEC-PART2-B16-0001,JTBD-EXEC-PART2-B16,huda-2025,execution_doc,2024-11-16,What are my next concrete moves for UC edits?,"Lock one scene per PIQ, then pull an artifact per scene (clip, image, metric).",scene→artifact pairing,"uc,artifacting",Execution Doc (Part 2) — Batch 16 slice,2025-09-30T08:13:41.322435+00:00
S-JTBD-EXEC-PART2-B16-0002,JTBD-EXEC-PART2-B16,huda-2025,execution_doc,2024-11-21,How do I track MIT brainstorm threads?,Create 3 bullets with evidence placeholders; star the fastest one to prototype this week.,three-thread star,"mit,prioritization",Execution Doc (Part 2) — Batch 16 slice,2025-09-30T08:13:41.322447+00:00
S-JTBD-EXEC-PART2-B16-0003,JTBD-EXEC-PART2-B16,huda-2025,execution_doc,2024-11-27,What’s the portfolio coherence rule for DMD?,Every piece must have a single-screen proof and a 3-bullet README.,proof-over-prose policy,"upenn-dmd,coherence",Execution Doc (Part 2) — Batch 16 slice,2025-09-30T08:13:41.322457+00:00
S-JTBD-IMSG-PART2-B16-0001,JTBD-IMSG-PART2-B16,huda-2025,imessage,2024-11-16,Can you give me a one-liner for my UC ‘why this subject’ pivot?,Try: “I got tired of guessing—so I measured it.” Then add the artifact that proves it.,micro-hook template,"uc,data-diary",iMessage (Part 2) — Batch 16 slice,2025-09-30T08:13:44.396349+00:00
S-JTBD-IMSG-PART2-B16-0002,JTBD-IMSG-PART2-B16,huda-2025,imessage,2024-11-21,Quick confirm: UT creative is ready to ship?,Yes—greenlight. Submit before 9pm; screenshot confirmation.,go/no-go + proof,"ut-austin,submission",iMessage (Part 2) — Batch 16 slice,2025-09-30T08:13:44.396357+00:00
S-JTBD-IMSG-PART2-B16-0003,JTBD-IMSG-PART2-B16,huda-2025,imessage,2024-11-27,One sentence to keep MIT ‘unexpected’ tight?,"Name the default label first, then show the flip with one action you took.",label→flip micro-template,"mit,identity",iMessage (Part 2) — Batch 16 slice,2025-09-30T08:13:44.396364+00:00
S-JTBD-W088-UC-MIT-0001,JTBD-W088-UC-MIT,huda-2025,call,2024-11-25,How do I remove clichés without losing voice?,Swap abstractions with scene-first specifics; keep one image if it ties to a concrete build moment.,metaphor surgery,"editing,voice",W088 Transcript,2025-09-30T08:41:08.693926+00:00
S-JTBD-W088-UC-MIT-0002,JTBD-W088-UC-MIT,huda-2025,call,2024-11-25,What should anchor the MIT supplement?,Lead with shipped artifacts (demo clip + README) before values; proof-over-prose.,proof-over-prose ordering,"MIT,artifact-first",W088 Transcript,2025-09-30T08:41:08.693935+00:00
S-JTBD-W088-UC-MIT-0003,JTBD-W088-UC-MIT,huda-2025,call,2024-11-25,I’m over word count.,Use the last-50 rule: prune from the back; remove preambles and hedges first.,compression heuristic,"count,tighten",W088 Transcript,2025-09-30T08:41:08.693944+00:00
S-JTBD-W089-MIT-UPENN-0001,JTBD-W089-MIT-UPENN,huda-2025,call,2024-11-29,How to avoid duplication across schools?,Cross-school leverage is fine if each essay adds a program-specific bridge (course/lab/club).,bridge-specific tailoring,"leverage,fit",W089 Transcript,2025-09-30T08:41:12.258889+00:00
S-JTBD-W089-MIT-UPENN-0002,JTBD-W089-MIT-UPENN,huda-2025,call,2024-11-29,What goes into a DMD strategy sheet?,"Three columns: story beats, Penn assets, artifacts that demonstrate each beat.",evidence mapping,"DMD,mapping",W089 Transcript,2025-09-30T08:41:12.258896+00:00
S-JTBD-W090-MIT-MOCKINT-0001,JTBD-W090-MIT-MOCKINT,huda-2025,call,2024-12-31,I ramble when nervous.,Use STAR with a 20-second cap; immediately show a linkable artifact.,STAR+artifact punch,"brevity,proof",W090 Transcript,2025-09-30T08:41:16.237908+00:00
S-JTBD-W090-MIT-MOCKINT-0002,JTBD-W090-MIT-MOCKINT,huda-2025,call,2024-12-31,How to handle curveball ethics Qs?,"Name a principle, a trade-off, then a real decision you shipped.",principle→tradeoff→proof,"ethics,decision",W090 Transcript,2025-09-30T08:41:16.237917+00:00
S-JTBD-W091-UPENN-CMU-0001,JTBD-W091-UPENN-CMU,huda-2025,call,2024-12-03,What makes a thank-you land?,"One concrete moment, one changed behavior, one forward intent.",1-1-1 formula,"gratitude,specificity",W091 Transcript,2025-09-30T08:41:25.844012+00:00
S-JTBD-W091-UPENN-CMU-0002,JTBD-W091-UPENN-CMU,huda-2025,call,2024-12-03,How to stand out for CMU?,Lead with a shipped prototype and your iteration log; then tie to an institute/lab.,prototype-first pitch,"CMU,prototype",W091 Transcript,2025-09-30T08:41:25.844020+00:00
S-JTBD-W092-JCAMP-DMD-0001,JTBD-W092-JCAMP-DMD,huda-2025,call,2024-12-05,How to avoid generic thanks?,Anchor in Mountain House origin → turning shame to service; keep it under 180 words.,vulnerability arc,"gratitude,story",W092 Transcript,2025-09-30T08:41:28.789682+00:00
S-JTBD-W092-JCAMP-DMD-0002,JTBD-W092-JCAMP-DMD,huda-2025,call,2024-12-05,What should the DMD graphic show?,Problem→Sketch→Prototype→Impact trail with 2 artifact thumbnails.,visual proof map,"graphic,evidence",W092 Transcript,2025-09-30T08:41:28.789691+00:00
S-JTBD-W093-NW-DUKE-0001,JTBD-W093-NW-DUKE,huda-2025,call,2025-01-01,How to make 200 words feel substantive?,State research tie-in in sentence 1; one micro-scene; end with ‘so I can keep doing X here’.,research→scene→so-I-can,"compression,specificity",W093 Transcript,2025-09-30T08:41:32.122850+00:00
S-JTBD-W093-NW-DUKE-0002,JTBD-W093-NW-DUKE,huda-2025,call,2025-01-01,Am I ready to submit?,"Checklist green: links, names, counts, proof. Press submit and log it in the register.",submission checklist,"submit,QA",W093 Transcript,2025-09-30T08:41:32.122857+00:00
S-JTBD-EXEC-PART1-B17-0001,JTBD-EXEC-PART1-B17,huda-2025,doc,2024-12-27,Add final QA items before submit.,"Links, name spellings, counts, file formats, alt text.",QA checklist,"quality,submission",Execution Doc Part 1 (slice B17),2025-09-30T08:41:36.908671+00:00
S-JTBD-EXEC-PART1-B17-0002,JTBD-EXEC-PART1-B17,huda-2025,doc,2025-01-01,Log submission sequence.,MIT→UC→Penn→CMU→Northwestern→Duke; time stamps captured.,register discipline,"logging,order",Execution Doc Part 1 (slice B17),2025-09-30T08:41:36.908681+00:00
S-JTBD-EXEC-PART2-B17-0001,JTBD-EXEC-PART2-B17,huda-2025,doc,2024-12-30,What stays at T-3?,"Re-read aloud, link check, filename audit.",T-3 ritual,"QA,ritual",Execution Doc Part 2 (slice B17),2025-09-30T08:41:40.429810+00:00
S-JTBD-EXEC-PART2-B17-0002,JTBD-EXEC-PART2-B17,huda-2025,doc,2025-01-01,Post-submit now what?,Scholarship sweeps and portfolio refresh cadence weekly.,post-submit pivot,"scholarship,cadence",Execution Doc Part 2 (slice B17),2025-09-30T08:41:40.429822+00:00
S-JTBD-IMSG-PART1-B17-0001,JTBD-IMSG-PART1-B17,huda-2025,imessage,2024-12-28,Can you sanity check this opener?,Swap to verb-first; keep noun count low; send.,micro-copy surgery,"copy,quick",iMessage Part 1 (B17 window),2025-09-30T08:41:43.791873+00:00
S-JTBD-IMSG-PART1-B17-0002,JTBD-IMSG-PART1-B17,huda-2025,imessage,2024-12-29,Stuck choosing which anecdote.,Pick the scene where you shipped something for someone else.,service-scene filter,"decision,story",iMessage Part 1 (B17 window),2025-09-30T08:41:43.791881+00:00
S-JTBD-IMSG-PART2-B17-0001,JTBD-IMSG-PART2-B17,huda-2025,imessage,2025-01-01,Submitting now… last check?,Green on checklist. Breathe. Press submit; then log it.,last-mile nudge,"submit,QA",iMessage Part 2 (B17 window),2025-09-30T08:41:46.587088+00:00
S-JTBD-IMSG-PART2-B17-0002,JTBD-IMSG-PART2-B17,huda-2025,imessage,2025-01-01,Done!,Log time + school; then 10-minute walk.,closure ritual,"closure,ritual",iMessage Part 2 (B17 window),2025-09-30T08:41:46.587098+00:00
S-JTBD-IMSG-PART3-B17-0001,JTBD-IMSG-PART3-B17,huda-2025,imessage,2025-01-02,What now that apps are in?,Begin scholarship sweep and weekly portfolio refresh. Keep shipping small.,post-submit pivot,"cadence,scholarship",iMessage Part 3 (B17 window),2025-09-30T08:41:49.759649+00:00